id_casa,LotFrontage,LotArea,Street,Condition1,Condition2,YearBuilt,ExterQual,FullBath,BedroomAbvGr,SalePrice,Color,email_info
707,48.0,6240,Pave,Norm,Norm,2006.0,Gd,2,,254000,,rrpnckctqj@hotmail.com
952,60.0,7200,Pave,Norm,Norm,1972.0,TA,1,2.0,133900,,wkpnjrrk@yahoo.com.br
503,100.0,15602,Pave,Norm,Norm,1959.0,TA,2,1.0,289000,,uuksmwtrp@icloud.com
658,78.0,17503,Pave,Artery,Norm,1948.0,TA,1,3.0,97500,,tdohsjlt@yahoo.com.br
770,,7252,Pave,Norm,Norm,1982.0,TA,1,2.0,134900,,yyabbpcam@icloud.com
258,80.0,12435,Pave,Norm,Norm,2001.0,Gd,2,3.0,231500,,ntclqoppwpj@gmail.com
323,49.0,5820,Pave,Norm,Norm,1955.0,TA,1,3.0,126175,,autvogpoj@icloud.com
562,63.0,13907,Pave,Norm,Norm,1940.0,TA,1,3.0,108000,,fuf@yahoo.com.br
782,67.0,16285,Pave,Norm,Norm,2001.0,Gd,2,3.0,187100,,pg@hotmail.com
1029,21.0,1680,Pave,Norm,Norm,1972.0,TA,1,,118000,,cyjno@yahoo.com.br
60,63.0,13072,Pave,RRAe,Norm,2004.0,TA,1,3.0,158000,,tcn@icloud.com
1317,47.0,4230,Pave,Norm,Norm,2006.0,Gd,2,2.0,208900,,kqbsujgtlb@yahoo.com.br
954,35.0,9400,Pave,Norm,Norm,1975.0,TA,2,4.0,127500,,htmduzify@gmail.com
553,67.0,8777,Pave,Feedr,Norm,1949.0,TA,2,2.0,108000,,qlgfsbutmv@icloud.com
928,,11838,Pave,Norm,Norm,2001.0,Gd,2,3.0,236500,,stbqybewmsv@hotmail.com
1310,100.0,17500,,PosA,Norm,1959.0,Gd,2,3.0,335000,,iaodw@yahoo.com.br
384,,53107,Pave,Feedr,Norm,1992.0,Gd,2,3.0,240000,,vrtjsce@icloud.com
693,60.0,5400,Pave,Norm,Norm,1921.0,TA,1,2.0,108480,,wyg@yahoo.com.br
298,90.0,11700,Pave,Norm,Norm,1968.0,Gd,1,3.0,175000,,gdgbmgdgwjv@icloud.com
599,24.0,1950,Pave,Norm,Norm,,TA,2,3.0,151000,,ehhipveeppjc@yahoo.com.br
516,,10448,Pave,Norm,Norm,1972.0,TA,2,3.0,158000,,sgamiimfh@icloud.com
757,,11616,,Norm,Norm,1978.0,TA,2,3.0,158900,,pvhae@hotmail.com
162,95.0,12182,Pave,Norm,Norm,2005.0,Gd,2,3.0,220000,,ooux@icloud.com
599,24.0,1950,Pave,Norm,Norm,,TA,2,3.0,151000,,ehhipveeppjc@yahoo.com.br
1063,50.0,6000,Pave,Artery,Norm,1925.0,TA,1,2.0,110500,,rpxx@yahoo.com.br
1099,82.0,11880,Pave,RRAn,Norm,1978.0,TA,2,3.0,157000,,zarn@gmail.com
1200,71.0,9353,Pave,Norm,Norm,1970.0,TA,1,3.0,116050,,uqlgx@icloud.com
484,,7758,Pave,Norm,Norm,1962.0,TA,1,3.0,132500,,uxdinfzz@yahoo.com.br
527,67.0,14948,Pave,Norm,Norm,2008.0,Ex,2,3.0,446261,,ulafxqqi@gmail.com
768,70.0,9100,Pave,Norm,Norm,2004.0,Gd,2,3.0,216837,,gxcozefy@gmail.com
171,141.0,31770,Pave,Norm,Norm,1960.0,TA,1,3.0,215000,,bum@yahoo.com.br
488,60.0,10800,Pave,Norm,Norm,1900.0,TA,2,3.0,160000,,edxzwnz@hotmail.com
393,,7446,Pave,Feedr,Norm,1941.0,TA,1,2.0,100000,,czquh@icloud.com
588,65.0,25095,Pave,Norm,Norm,1968.0,TA,1,1.0,143000,,cckpgzzuxweo@yahoo.com.br
1020,60.0,7024,Pave,Norm,Norm,2005.0,TA,1,2.0,176000,,lnzenhx@gmail.com
767,75.0,12508,Pave,Norm,Norm,1940.0,TA,2,4.0,160000,,gvdgfpflxim@icloud.com
13,91.0,10652,Pave,Norm,Norm,2006.0,Gd,2,3.0,279500,,ohkz@yahoo.com.br
1334,24.0,2368,Pave,Norm,Norm,1970.0,TA,1,3.0,125000,,ecgptkmq@icloud.com
249,,159000,Pave,Norm,Norm,1958.0,Gd,2,4.0,277000,,efsyzm@hotmail.com
2,68.0,11250,Pave,Norm,Norm,2001.0,Gd,2,3.0,223500,,rlskriykwzw@hotmail.com
21,57.0,7449,Pave,Norm,Norm,1930.0,TA,1,3.0,139400,,stipmc@gmail.com
1249,60.0,7200,Pave,Norm,Norm,1950.0,TA,1,3.0,119000,,icqvoo@yahoo.com.br
1323,50.0,5330,Pave,Norm,Norm,1940.0,Fa,1,2.0,82500,,vfja@hotmail.com
130,88.0,14200,Pave,Norm,Norm,1966.0,TA,2,4.0,226000,,oddqsfaqaw@gmail.com
1027,71.0,9520,Pave,Norm,Norm,2007.0,Gd,2,3.0,293077,,fxmhnwfwka@yahoo.com.br
352,60.0,9084,Pave,Artery,Norm,1941.0,TA,1,3.0,95000,,nknjgg@icloud.com
1378,21.0,1953,Pave,Norm,Norm,1973.0,TA,1,2.0,83000,,jjjx@hotmail.com
399,65.0,8125,Pave,Norm,Norm,2006.0,Gd,2,2.0,241000,,rak@yahoo.com.br
1045,,13680,Pave,Norm,Norm,1955.0,TA,2,4.0,139600,,hnrloxffpspi@yahoo.com.br
118,90.0,12376,Pave,Norm,Norm,1990.0,TA,3,5.0,320000,,pwztxesak@gmail.com
1078,37.0,4435,Pave,Norm,Norm,2004.0,Gd,1,1.0,155900,,ijmhypx@icloud.com
1414,64.0,13053,Pave,Norm,Norm,1923.0,TA,1,4.0,207000,,jjzibva@yahoo.com.br
1423,,19690,Pave,Norm,Norm,1966.0,Gd,2,4.0,274970,,orxxje@icloud.com
514,55.0,10594,Pave,Norm,Norm,1926.0,TA,1,2.0,96500,,otaunyiedqht@gmail.com
1402,64.0,6762,Pave,Norm,Norm,2006.0,Gd,2,2.0,193879,,hkeilbpdwxdq@yahoo.com.br
1305,108.0,13173,Pave,Norm,Norm,2006.0,Gd,2,2.0,325000,,rijw@icloud.com
118,90.0,12376,Pave,Norm,Norm,1990.0,TA,3,5.0,320000,,pwztxesak@gmail.com
610,,11050,Pave,PosN,Norm,2000.0,Gd,2,3.0,313000,,di@hotmail.com
1077,,15870,Pave,Norm,Norm,1969.0,TA,1,3.0,138800,,oykpmpyqmn@yahoo.com.br
524,95.0,11787,Pave,Norm,Norm,1996.0,Gd,2,3.0,315750,,mdmtpfz@gmail.com
955,82.0,7136,Pave,Norm,Norm,1946.0,TA,2,4.0,145000,,yhlfu@hotmail.com
540,85.0,14601,Pave,Norm,Norm,2006.0,Ex,2,2.0,315000,,wdqmqdqxrg@hotmail.com
606,82.0,12464,Pave,Norm,Norm,1996.0,TA,1,3.0,152000,,tuhk@icloud.com
662,120.0,13560,Pave,Norm,Norm,1968.0,TA,1,2.0,110000,,wqisimlz@gmail.com
1328,60.0,10440,Pave,Norm,Norm,1920.0,Gd,2,5.0,256000,,johjiiqyl@hotmail.com
1057,,29959,Pave,Norm,Norm,1994.0,Gd,2,3.0,248000,,qbpevf@hotmail.com
987,83.0,10159,Pave,Norm,Norm,2009.0,Ex,2,3.0,395192,,ceu@icloud.com
416,74.0,7844,Pave,Norm,Norm,1978.0,TA,1,3.0,149500,,fpjctu@yahoo.com.br
193,24.0,2522,Pave,Norm,Norm,2004.0,Gd,2,3.0,130000,,cktb@yahoo.com.br
1030,,7082,Pave,Norm,Norm,1916.0,TA,2,5.0,160000,,gsfijumzvb@yahoo.com.br
473,110.0,14977,Pave,Norm,Norm,2006.0,Gd,2,2.0,440000,,cofqiemuxhie@icloud.com
1374,85.0,10625,Pave,Norm,Norm,2005.0,Gd,2,3.0,250000,,jsmxecwtkj@hotmail.com
45,61.0,7658,Pave,Norm,Norm,2005.0,Ex,2,2.0,319900,,og@icloud.com
1318,,14781,Pave,Norm,Norm,2001.0,Gd,2,3.0,275000,,osqbbnqxrng@icloud.com
1242,85.0,10625,Pave,Norm,Norm,1974.0,TA,2,,170000,,nbkvhq@gmail.com
313,150.0,215245,Pave,Norm,Norm,1965.0,TA,2,3.0,375000,,mj@icloud.com
855,,6897,Pave,Norm,Norm,1962.0,TA,1,3.0,127000,,wjtjtgco@icloud.com
19,70.0,7560,Pave,Norm,Norm,1958.0,TA,1,3.0,139000,,knelh@hotmail.com
1375,89.0,10991,Pave,Norm,Norm,2007.0,Gd,2,3.0,239000,,chwry@icloud.com
567,70.0,10171,Pave,Norm,Norm,2004.0,Gd,2,3.0,214000,,nthfdrnz@gmail.com
1369,48.0,10635,,Norm,Norm,2003.0,Gd,2,3.0,232000,,lrdqy@hotmail.com
483,32.0,4500,Pave,Norm,Norm,1998.0,TA,2,2.0,164000,,mreq@icloud.com
106,60.0,10800,Pave,Norm,Norm,1885.0,TA,1,2.0,100000,,xvbqhfte@gmail.com
1396,,57200,Pave,Norm,Norm,1948.0,TA,1,3.0,160000,,fwrq@hotmail.com
1369,48.0,10635,,Norm,Norm,2003.0,Gd,2,3.0,232000,,lrdqy@hotmail.com
700,85.0,14331,Pave,Norm,Norm,2002.0,Gd,2,3.0,312500,,bd@gmail.com
18,66.0,13695,Pave,RRAe,Norm,2004.0,TA,1,3.0,159000,,brfxiydh@icloud.com
1370,90.0,5400,Pave,Artery,Norm,1920.0,Fa,1,2.0,105000,,tdgjvosze@hotmail.com
882,,9636,Pave,Norm,Norm,1992.0,TA,2,3.0,178000,,bnnldgwpq@yahoo.com.br
1016,73.0,11883,Pave,Norm,Norm,1996.0,Gd,2,3.0,203000,,bbpugqev@yahoo.com.br
1263,60.0,13515,Pave,Norm,Norm,1919.0,TA,1,3.0,180500,,rbjzkgjh@gmail.com
656,72.0,10007,Pave,Norm,Norm,1959.0,Gd,1,3.0,145500,,awyeatdbnyzr@gmail.com
1307,60.0,8072,Pave,Norm,Norm,1994.0,TA,1,3.0,138000,,xv@gmail.com
5,85.0,14115,Pave,Norm,Norm,1993.0,TA,1,1.0,143000,,jjoep@hotmail.com
1400,50.0,6000,Pave,Norm,Norm,1929.0,TA,1,3.0,120000,,yta@yahoo.com.br
783,,9101,Pave,Norm,Norm,1978.0,TA,1,1.0,165500,,ri@hotmail.com
789,,12205,Pave,Norm,Norm,1966.0,TA,2,5.0,187500,,srteswqazvbf@gmail.com
399,65.0,8125,Pave,Norm,Norm,2006.0,Gd,2,2.0,241000,,rak@yahoo.com.br
270,84.0,10728,Pave,Norm,Norm,2006.0,Gd,2,3.0,266000,,meuayg@icloud.com
200,80.0,8546,Pave,Norm,Norm,2003.0,TA,2,2.0,140000,,og@gmail.com
565,66.0,6858,Pave,Norm,Norm,1915.0,TA,1,4.0,128000,,davbpudu@hotmail.com
663,90.0,10012,Pave,Norm,Norm,1972.0,TA,2,3.0,137500,,gxuhxcz@gmail.com
222,85.0,11475,Pave,RRAn,Norm,1975.0,TA,2,3.0,179900,,rrliheoaj@gmail.com
513,71.0,9187,Pave,Norm,Norm,1983.0,TA,1,3.0,134000,,eeitutyq@gmail.com
1113,66.0,8923,Pave,Norm,Norm,1953.0,TA,1,2.0,134500,,hozmvyovuwv@hotmail.com
467,79.0,9480,Pave,Artery,Norm,1942.0,TA,1,,146500,,qsvuzusvo@yahoo.com.br
117,74.0,8536,Pave,Norm,Norm,2006.0,TA,1,2.0,155000,,pxttwwvlgn@gmail.com
951,60.0,7800,Pave,Norm,Norm,1965.0,TA,1,3.0,119900,,gxyjznmyiuft@icloud.com
636,51.0,6120,Pave,Norm,Norm,1936.0,Fa,1,1.0,60000,,uyi@icloud.com
1080,80.0,11040,Pave,Norm,Norm,1971.0,Gd,2,3.0,145000,,gvtumhcev@icloud.com
711,66.0,8712,Pave,Norm,Norm,,TA,1,2.0,102776,,gjziwnpvrwk@icloud.com
1366,68.0,9179,Pave,Norm,Norm,1999.0,Gd,2,3.0,193000,,taicglzr@icloud.com
596,60.0,3600,Pave,Norm,Norm,1910.0,TA,1,3.0,114504,,jyxna@gmail.com
106,60.0,10800,Pave,Norm,Norm,1885.0,TA,1,2.0,100000,,xvbqhfte@gmail.com
763,82.0,9430,Pave,Norm,Norm,1999.0,Gd,2,3.0,337000,,dhmcmydpd@yahoo.com.br
757,,11616,,Norm,Norm,1978.0,TA,2,3.0,158900,,pvhae@hotmail.com
522,50.0,5000,Pave,Feedr,Norm,1947.0,TA,2,3.0,159000,,vh@gmail.com
473,110.0,14977,Pave,Norm,Norm,2006.0,Gd,2,2.0,440000,,cofqiemuxhie@icloud.com
1274,53.0,5362,Pave,Norm,Norm,1910.0,TA,2,3.0,139000,,twxvczfreclk@hotmail.com
392,,8339,Pave,Norm,Norm,1959.0,TA,1,3.0,106500,,bzoakjs@gmail.com
574,70.0,10500,Pave,Norm,Norm,1971.0,TA,1,3.0,139000,,rz@yahoo.com.br
1120,59.0,8263,Pave,Norm,Norm,1920.0,TA,1,2.0,118400,,nr@gmail.com
884,65.0,7150,Pave,Norm,Norm,1967.0,TA,1,3.0,100000,,efymsi@gmail.com
1005,65.0,8385,Pave,Norm,Norm,1977.0,Gd,2,3.0,149900,,vpczt@icloud.com
924,79.0,10240,Pave,Norm,Norm,1980.0,TA,2,3.0,207500,,qdtb@gmail.com
112,77.0,9965,Pave,Norm,Norm,2007.0,Gd,2,4.0,383970,,gd@hotmail.com
538,,11553,Pave,Norm,Norm,1968.0,TA,1,3.0,158000,,bqzposo@yahoo.com.br
545,,13837,Pave,Norm,Norm,1988.0,Gd,2,,229000,,qmt@hotmail.com
1275,95.0,11345,Pave,Feedr,Norm,1948.0,TA,2,4.0,137000,,pb@yahoo.com.br
782,67.0,16285,Pave,Norm,Norm,2001.0,Gd,2,3.0,187100,,pg@hotmail.com
89,60.0,8070,Pave,Norm,Norm,1994.0,TA,1,3.0,123600,,um@yahoo.com.br
827,65.0,8529,Pave,Norm,Norm,2001.0,Gd,2,3.0,189000,,xpzkc@icloud.com
1396,,57200,Pave,Norm,Norm,1948.0,TA,1,3.0,160000,,fwrq@hotmail.com
589,50.0,9100,Pave,RRAn,Feedr,1930.0,TA,1,2.0,79500,,iec@icloud.com
1036,89.0,12898,Pave,Norm,Norm,2007.0,Gd,2,2.0,315500,,tyiwk@gmail.com
1308,100.0,12000,Pave,Norm,Norm,1948.0,TA,1,2.0,147000,,yagln@hotmail.com
423,80.0,9200,Pave,Norm,Norm,1998.0,Gd,2,4.0,315000,,ptiux@icloud.com
1296,80.0,8700,Pave,Norm,Norm,1963.0,TA,2,3.0,155000,,hlnmtyskew@hotmail.com
802,63.0,8199,,Norm,Norm,2005.0,Gd,2,3.0,189000,,ohamhr@hotmail.com
1005,65.0,8385,Pave,Norm,Norm,1977.0,Gd,2,3.0,149900,,vpczt@icloud.com
534,74.0,9056,Pave,Norm,Norm,2004.0,Gd,2,3.0,178000,,tpiuzarlo@yahoo.com.br
914,30.0,3000,Pave,Norm,Norm,2009.0,Gd,2,2.0,173733,,xvqynjrb@gmail.com
1158,92.0,11932,,Feedr,Norm,2007.0,Gd,2,3.0,235128,,xhbscetf@yahoo.com.br
73,85.0,10200,Pave,Norm,Norm,1954.0,TA,1,3.0,144900,,xgmrqpep@gmail.com
57,89.0,11645,Pave,Norm,Norm,2004.0,Gd,2,3.0,196500,,eqhijnd@yahoo.com.br
758,24.0,2280,Pave,Norm,Norm,1999.0,TA,2,3.0,179400,,qgwqfvkkbr@hotmail.com
819,44.0,6371,Pave,Norm,Norm,2009.0,Gd,2,2.0,224000,,imyh@gmail.com
115,34.0,3230,Pave,Norm,Norm,1999.0,TA,2,2.0,176000,,qsjpfdfqnb@hotmail.com
1280,67.0,9808,Pave,Norm,Norm,2002.0,Gd,2,3.0,227000,,nswzqs@yahoo.com.br
186,,9947,Pave,Norm,Norm,1990.0,TA,2,3.0,173000,,iqhbtp@hotmail.com
40,84.0,8658,Pave,Norm,Norm,1965.0,TA,2,3.0,160000,,xnbpxphi@hotmail.com
306,116.0,13474,Pave,Feedr,Norm,1990.0,Gd,2,4.0,225000,,qxrjqjzk@hotmail.com
856,,10970,Pave,Norm,Norm,1978.0,TA,1,3.0,147000,,aneazycqqkf@hotmail.com
115,34.0,3230,Pave,Norm,Norm,1999.0,TA,2,2.0,176000,,qsjpfdfqnb@hotmail.com
1008,43.0,12118,Pave,Norm,Norm,2004.0,Gd,2,3.0,240000,,asvrkxs@icloud.com
574,70.0,10500,Pave,Norm,Norm,1971.0,TA,1,3.0,139000,,rz@yahoo.com.br
331,70.0,8176,Pave,Norm,Norm,1958.0,TA,1,3.0,139000,,nwzunhiyswdd@gmail.com
21,57.0,7449,Pave,Norm,Norm,1930.0,TA,1,3.0,139400,,stipmc@gmail.com
400,38.0,14963,Pave,Norm,Norm,1996.0,Gd,1,1.0,245500,,fwqntmhv@hotmail.com
816,,11425,Pave,Norm,Norm,1954.0,TA,1,2.0,137000,,tu@hotmail.com
44,70.0,7945,Pave,Norm,Norm,1959.0,TA,1,3.0,141000,,fxcu@gmail.com
15,51.0,6120,Pave,Norm,Norm,1929.0,TA,1,2.0,132000,,dmfez@gmail.com
528,58.0,9098,Pave,Norm,Norm,1920.0,TA,1,2.0,86000,,mcetpvwky@gmail.com
1405,44.0,3842,Pave,Norm,Norm,2004.0,Gd,2,2.0,275000,,nucwtpttay@icloud.com
453,75.0,9000,Pave,Norm,Norm,2008.0,Gd,2,3.0,210000,,ktungneyty@yahoo.com.br
451,62.0,70761,Pave,Norm,Norm,1975.0,TA,2,2.0,280000,,muplye@gmail.com
733,80.0,10000,Pave,Feedr,Norm,1961.0,TA,1,3.0,131400,,ibicvfswmyv@hotmail.com
1156,85.0,9350,Pave,Norm,Norm,1965.0,TA,2,3.0,179900,,wxjr@yahoo.com.br
245,80.0,10400,,Norm,Norm,1988.0,TA,2,3.0,241500,,ohnkaaun@yahoo.com.br
677,52.0,9022,Pave,Norm,Norm,1924.0,Gd,1,2.0,109500,,pjjdm@icloud.com
1379,73.0,9735,Pave,Norm,Norm,2006.0,TA,2,3.0,167500,,gy@icloud.com
1082,70.0,8749,Pave,Norm,Norm,2002.0,Gd,2,3.0,192000,,ne@gmail.com
435,43.0,10667,Pave,PosN,Norm,1996.0,Gd,2,3.0,212000,,fviebe@icloud.com
287,,8125,Pave,Norm,Norm,1971.0,TA,1,3.0,88000,,yaki@icloud.com
708,65.0,9018,,Norm,Norm,2007.0,Gd,2,3.0,179540,,zgxochcsg@gmail.com
897,64.0,7018,Pave,Feedr,Norm,1979.0,TA,2,6.0,142953,,gbwynqjdqiy@yahoo.com.br
918,103.0,13125,Pave,Norm,Norm,1991.0,Gd,2,4.0,238000,,jdklydubd@gmail.com
869,80.0,9938,Pave,Norm,Norm,1993.0,Gd,2,3.0,236000,,hioemhgogpp@gmail.com
976,51.0,5900,Pave,Norm,Norm,1923.0,TA,1,2.0,85500,,mjtdwuwt@gmail.com
1277,,17871,Pave,Norm,Norm,1967.0,TA,1,3.0,197900,,gvffhkutdfhc@gmail.com
172,44.0,5306,Pave,Norm,Norm,1987.0,Gd,2,2.0,239000,,wb@gmail.com
70,95.0,13651,Pave,Norm,Norm,1973.0,TA,2,3.0,244000,,dweqqitpvui@icloud.com
458,,5100,Pave,Norm,Norm,1925.0,TA,1,3.0,161000,,oxlh@icloud.com
853,,12095,Pave,Norm,Norm,1964.0,TA,1,3.0,158000,,tltsukp@gmail.com
891,70.0,11184,Pave,Norm,Norm,1978.0,TA,2,3.0,172500,,olwgbro@yahoo.com.br
807,144.0,21384,Pave,Norm,Norm,1923.0,TA,1,3.0,223500,,la@gmail.com
516,,10448,Pave,Norm,Norm,1972.0,TA,2,3.0,158000,,sgamiimfh@icloud.com
889,128.0,12160,Pave,Feedr,Norm,1953.0,TA,1,2.0,149500,,hgccxakyj@hotmail.com
1015,70.0,8400,Pave,Norm,Norm,2001.0,Gd,2,3.0,227000,,pbnp@icloud.com
62,44.0,6442,Pave,Norm,Norm,2006.0,Gd,2,2.0,202500,,inyk@gmail.com
472,35.0,3675,Pave,Norm,Norm,2005.0,TA,1,2.0,148000,,jdwukgiwvoqu@icloud.com
89,60.0,8070,Pave,Norm,Norm,1994.0,TA,1,3.0,123600,,um@yahoo.com.br
842,82.0,9020,Pave,Norm,Norm,1966.0,TA,1,3.0,174900,,xnlokjz@gmail.com
247,75.0,11310,Pave,Norm,Norm,1954.0,TA,1,2.0,140000,,tzafqktieqv@icloud.com
722,70.0,8120,,Norm,Norm,1970.0,TA,1,3.0,124500,,snyoybinh@hotmail.com
558,57.0,21872,Pave,Norm,Norm,1996.0,TA,2,3.0,175000,,hlo@icloud.com
455,80.0,9600,Pave,Norm,Norm,1973.0,TA,1,3.0,175500,,jbufohha@gmail.com
566,77.0,11198,Pave,Norm,Norm,2005.0,Gd,2,4.0,325000,,ffdueawprt@yahoo.com.br
158,100.0,12552,Pave,Norm,Norm,2004.0,Gd,2,3.0,254900,,iitmkp@icloud.com
457,,53227,Pave,Norm,Norm,1954.0,TA,1,2.0,256000,,zuxjescvwdg@hotmail.com
1020,60.0,7024,Pave,Norm,Norm,2005.0,TA,1,2.0,176000,,lnzenhx@gmail.com
1356,,9477,Pave,Norm,Norm,1966.0,TA,1,3.0,110000,,haah@yahoo.com.br
646,60.0,7200,Pave,Norm,Norm,1950.0,TA,1,3.0,98300,,ghyfctgas@gmail.com
794,,10832,Pave,Norm,Norm,1994.0,Gd,2,3.0,194500,,wfcdetm@hotmail.com
831,30.0,3180,Pave,Norm,Norm,2005.0,TA,2,2.0,151000,,vrfyr@yahoo.com.br
738,60.0,10800,Pave,Norm,Norm,1987.0,TA,3,3.0,179000,,rwed@gmail.com
311,50.0,8000,Pave,Norm,Norm,1948.0,TA,1,2.0,132000,,ykshl@gmail.com
712,40.0,4671,Pave,Norm,Norm,1988.0,Gd,2,2.0,189000,,wcuchcxwtt@gmail.com
610,,11050,Pave,PosN,Norm,2000.0,Gd,2,3.0,313000,,di@hotmail.com
422,100.0,21750,Pave,Artery,Norm,1954.0,TA,1,2.0,113000,,dgmpby@hotmail.com
729,52.0,6240,Pave,Norm,Norm,1925.0,TA,1,2.0,103000,,qafcecq@hotmail.com
688,60.0,8089,Pave,Norm,Norm,2007.0,Gd,2,2.0,392000,,oa@yahoo.com.br
905,80.0,9920,Pave,Norm,Norm,1954.0,TA,1,3.0,128000,,hzrj@hotmail.com
952,60.0,7200,Pave,Norm,Norm,1972.0,TA,1,2.0,133900,,wkpnjrrk@yahoo.com.br
1245,78.0,12090,Pave,Norm,Norm,1984.0,TA,3,3.0,178000,,lum@icloud.com
1326,70.0,4270,Pave,Norm,Norm,1931.0,TA,1,3.0,79000,,siitah@hotmail.com
905,80.0,9920,Pave,Norm,Norm,1954.0,TA,1,3.0,128000,,hzrj@hotmail.com
548,49.0,8235,Pave,Feedr,RRNn,1955.0,TA,1,2.0,125000,,sd@hotmail.com
1089,37.0,3316,Pave,Norm,Norm,2005.0,Gd,1,1.0,197000,,maebz@gmail.com
248,72.0,11317,Pave,Norm,Norm,2003.0,Gd,2,3.0,180000,,dwstzlpfzjki@yahoo.com.br
472,35.0,3675,Pave,Norm,Norm,2005.0,TA,1,2.0,148000,,jdwukgiwvoqu@icloud.com
465,,3072,Pave,Norm,Norm,2004.0,Gd,2,2.0,178740,,smbqkzbac@hotmail.com
330,,10624,,Norm,Norm,1964.0,TA,2,6.0,119000,,kiwvy@gmail.com
746,,8795,Pave,Norm,Norm,2000.0,Gd,2,4.0,236000,,irvdchppsa@yahoo.com.br
1378,21.0,1953,Pave,Norm,Norm,1973.0,TA,1,2.0,83000,,jjjx@hotmail.com
924,79.0,10240,Pave,Norm,Norm,1980.0,TA,2,3.0,207500,,qdtb@gmail.com
644,85.0,9187,Pave,Norm,Norm,2009.0,Ex,2,2.0,370878,,uhzjahgecfbw@icloud.com
1162,109.0,8724,Pave,Norm,Norm,1968.0,TA,1,3.0,129000,,teysuoh@gmail.com
687,,5105,Pave,Norm,Norm,2004.0,Gd,2,,148800,,lhsb@hotmail.com
17,72.0,10791,,Norm,Norm,1967.0,TA,2,2.0,90000,,dmmrkloiium@hotmail.com
1089,37.0,3316,Pave,Norm,Norm,2005.0,Gd,1,1.0,197000,,maebz@gmail.com
52,110.0,8472,Grvl,RRNn,Norm,1963.0,Fa,1,2.0,110000,,quad@gmail.com
777,100.0,13350,Pave,Norm,Norm,1974.0,TA,1,3.0,142500,,afjeeq@icloud.com
141,78.0,11645,Pave,Norm,Norm,2005.0,Gd,2,3.0,260000,,cccl@gmail.com
737,72.0,10463,Pave,Norm,Norm,2005.0,Gd,2,3.0,239900,,pyqaxbkswep@yahoo.com.br
1434,80.0,17400,,Norm,Norm,,TA,2,3.0,160000,,fatjbrmg@gmail.com
1134,57.0,8773,Pave,Norm,Norm,1997.0,TA,2,3.0,169000,,loxhiopdd@yahoo.com.br
827,65.0,8529,Pave,Norm,Norm,2001.0,Gd,2,3.0,189000,,xpzkc@icloud.com
131,,12224,Pave,Norm,Norm,2000.0,Gd,2,3.0,244000,,azs@yahoo.com.br
522,50.0,5000,Pave,Feedr,Norm,1947.0,TA,2,3.0,159000,,vh@gmail.com
156,60.0,7200,Pave,Norm,Norm,1950.0,TA,1,2.0,109500,,csiskzprxjff@yahoo.com.br
335,,164660,Grvl,Norm,Norm,1965.0,TA,2,3.0,228950,,qd@gmail.com
508,60.0,9600,Pave,Norm,Norm,1928.0,TA,2,3.0,161000,,uaepzi@hotmail.com
693,60.0,5400,Pave,Norm,Norm,1921.0,TA,1,2.0,108480,,wyg@yahoo.com.br
423,80.0,9200,Pave,Norm,Norm,1998.0,Gd,2,4.0,315000,,ptiux@icloud.com
130,88.0,14200,Pave,Norm,Norm,1966.0,TA,2,4.0,226000,,oddqsfaqaw@gmail.com
373,79.0,10634,Pave,Norm,Norm,1953.0,TA,1,3.0,123000,,tuwddeuqglh@hotmail.com
641,,7050,Pave,Norm,Norm,2001.0,Gd,2,3.0,226000,,telziwcpd@gmail.com
1086,,1974,Pave,Norm,Norm,1973.0,TA,1,3.0,83500,,auhlzyurc@icloud.com
1369,48.0,10635,,Norm,Norm,2003.0,Gd,2,3.0,232000,,lrdqy@hotmail.com
663,90.0,10012,Pave,Norm,Norm,1972.0,TA,2,3.0,137500,,gxuhxcz@gmail.com
159,134.0,19378,Pave,Norm,Norm,2005.0,Gd,2,4.0,320000,,vdyyrebp@hotmail.com
854,102.0,17920,Pave,Norm,Norm,1955.0,TA,1,3.0,170000,,qbvpjfuiyh@gmail.com
954,35.0,9400,Pave,Norm,Norm,1975.0,TA,2,4.0,127500,,htmduzify@gmail.com
739,65.0,9313,Pave,Norm,Norm,2004.0,Gd,2,3.0,190000,,lqmhswzkac@gmail.com
980,,12122,Pave,Norm,Norm,1961.0,Ex,1,3.0,178400,,xiduwb@gmail.com
8,51.0,6120,Pave,Artery,Norm,1931.0,TA,2,2.0,129900,,mztupte@yahoo.com.br
1440,79.0,11526,,Norm,Norm,1922.0,TA,2,3.0,191000,,whg@gmail.com
1226,86.0,14598,Pave,Feedr,Norm,2007.0,Gd,2,4.0,214000,,sirrs@yahoo.com.br
236,65.0,8773,Pave,Norm,Norm,2004.0,Gd,2,3.0,185500,,gpgz@hotmail.com
1131,63.0,10712,Pave,Norm,Norm,1991.0,TA,1,3.0,93500,,yfzpteeo@icloud.com
486,79.0,10289,Pave,Norm,Norm,1965.0,TA,1,3.0,156000,,vkggm@icloud.com
1219,21.0,1680,,Norm,Norm,1971.0,TA,1,3.0,91500,,racyximbwfe@icloud.com
877,74.0,8834,Pave,Norm,Norm,2004.0,Gd,2,4.0,350000,,ynmfyhmrp@hotmail.com
711,66.0,8712,Pave,Norm,Norm,,TA,1,2.0,102776,,gjziwnpvrwk@icloud.com
210,67.0,5604,Pave,Norm,Norm,1925.0,TA,1,2.0,98000,,dk@gmail.com
441,92.0,12108,Pave,Norm,Norm,1955.0,TA,2,4.0,118000,,sc@hotmail.com
635,60.0,10896,Pave,Feedr,Norm,1914.0,Fa,2,8.0,200000,,ulu@hotmail.com
687,,5105,Pave,Norm,Norm,2004.0,Gd,2,,148800,,lhsb@hotmail.com
10,70.0,11200,,Norm,Norm,1965.0,TA,1,3.0,129500,,hdwsmqted@gmail.com
42,,9180,Pave,Norm,Norm,1983.0,TA,1,2.0,144000,,ouefiyyzwlj@yahoo.com.br
1427,60.0,10930,Pave,Artery,Norm,1945.0,TA,1,3.0,140000,,gp@gmail.com
1165,79.0,9541,Pave,Norm,Norm,2009.0,Gd,2,3.0,233170,,ymd@hotmail.com
1260,,24682,Pave,RRAn,Norm,1999.0,TA,2,3.0,181000,,fufq@gmail.com
379,60.0,8123,Pave,RRAn,Norm,2000.0,TA,2,3.0,179000,,uzywo@hotmail.com
316,94.0,13005,Pave,Norm,Norm,1980.0,Gd,2,4.0,260000,,up@yahoo.com.br
867,85.0,6970,Pave,Feedr,Norm,1961.0,TA,1,3.0,129000,,quxmlksm@gmail.com
158,100.0,12552,Pave,Norm,Norm,2004.0,Gd,2,3.0,254900,,iitmkp@icloud.com
1364,30.0,3180,Pave,Norm,Norm,2005.0,Gd,2,2.0,144152,,zgtuwizvip@icloud.com
1311,68.0,8814,Pave,Norm,Norm,2005.0,Gd,2,3.0,203000,,ckgamj@gmail.com
1344,85.0,11103,Pave,Norm,Norm,2006.0,Gd,2,3.0,155835,,nxpknbq@yahoo.com.br
272,92.0,11764,Pave,Norm,Norm,1999.0,Gd,2,4.0,290000,,hod@yahoo.com.br
1047,57.0,9245,Pave,Norm,Norm,1994.0,TA,1,3.0,145000,,cfeenrapf@icloud.com
1264,34.0,4060,Pave,Norm,Norm,1998.0,Gd,2,2.0,181000,,djdtvqtjptme@icloud.com
1249,60.0,7200,Pave,Norm,Norm,1950.0,TA,1,3.0,119000,,icqvoo@yahoo.com.br
96,78.0,10264,Pave,Norm,Norm,1999.0,Gd,2,3.0,214000,,mqqybjtc@gmail.com
854,102.0,17920,Pave,Norm,Norm,1955.0,TA,1,3.0,170000,,qbvpjfuiyh@gmail.com
678,80.0,11844,Pave,Norm,Norm,2008.0,Gd,2,3.0,372500,,ko@gmail.com
491,79.0,9490,Pave,Artery,Norm,1941.0,TA,1,3.0,133000,,ptuutmdtu@hotmail.com
1152,90.0,14115,Pave,Norm,Norm,1956.0,TA,1,2.0,230000,,uuw@hotmail.com
1367,41.0,2665,Pave,Norm,Norm,1977.0,TA,2,4.0,127000,,qhigrke@hotmail.com
711,66.0,8712,Pave,Norm,Norm,,TA,1,2.0,102776,,gjziwnpvrwk@icloud.com
365,59.0,10690,Pave,Norm,Norm,1920.0,TA,1,3.0,147000,,toqucio@icloud.com
1409,46.0,20544,Pave,Norm,Norm,1986.0,TA,2,3.0,215000,,nxktcps@yahoo.com.br
895,71.0,7056,Pave,Norm,Norm,1963.0,TA,1,4.0,140000,,aakiuaqbbi@yahoo.com.br
31,,8544,Pave,Norm,Norm,1966.0,TA,1,3.0,149350,,vswo@icloud.com
1004,43.0,3182,Pave,Norm,Norm,2005.0,Gd,2,1.0,181000,,ysypdg@yahoo.com.br
335,,164660,Grvl,Norm,Norm,1965.0,TA,2,3.0,228950,,qd@gmail.com
114,61.0,7259,Pave,Norm,Norm,1945.0,TA,2,3.0,259500,,wga@gmail.com
1015,70.0,8400,Pave,Norm,Norm,2001.0,Gd,2,3.0,227000,,pbnp@icloud.com
409,85.0,10800,Pave,Norm,Norm,2007.0,Gd,2,3.0,339750,,dlvlwj@icloud.com
1222,78.0,10496,Pave,Artery,Norm,1949.0,TA,2,3.0,143000,,obdiojc@hotmail.com
1438,90.0,7407,Pave,Artery,Norm,1957.0,TA,1,2.0,149700,,ifhxemjr@icloud.com
209,75.0,8250,Pave,Norm,Norm,1964.0,TA,1,3.0,145000,,vqcx@yahoo.com.br
1433,93.0,10261,Pave,Norm,Norm,2000.0,TA,2,3.0,186500,,pbhwly@gmail.com
966,130.0,9600,Pave,Norm,Norm,1940.0,Gd,1,2.0,160000,,fy@hotmail.com
6,75.0,10084,Pave,Norm,Norm,2004.0,Gd,2,3.0,307000,,rcw@icloud.com
620,45.0,8248,Pave,Norm,Norm,1914.0,TA,1,2.0,67000,,ijbei@yahoo.com.br
58,66.0,13682,Pave,Norm,Norm,2006.0,Ex,3,3.0,438780,,wr@icloud.com
1115,93.0,12085,Pave,Norm,Norm,2007.0,Gd,2,3.0,318000,,akbtyydwejg@icloud.com
934,313.0,27650,Pave,PosA,Norm,1960.0,TA,2,4.0,242000,,euyegywow@hotmail.com
1453,90.0,17217,Pave,Norm,Norm,2006.0,TA,1,3.0,84500,,iewslq@yahoo.com.br
616,,7861,Pave,Norm,Norm,2002.0,Gd,2,3.0,183200,,odqbsiovd@hotmail.com
835,60.0,9600,Pave,Norm,Norm,1950.0,TA,2,2.0,128000,,gffpdp@icloud.com
18,66.0,13695,Pave,RRAe,Norm,2004.0,TA,1,3.0,159000,,brfxiydh@icloud.com
291,55.0,5687,Pave,Norm,Norm,1912.0,TA,2,6.0,135900,,vtkcpnukhfa@yahoo.com.br
1241,83.0,9849,Pave,Norm,Norm,2007.0,Gd,2,3.0,248328,,lakes@gmail.com
717,80.0,10000,Pave,Norm,Norm,1973.0,TA,1,3.0,157000,,hdb@yahoo.com.br
143,78.0,10335,Pave,Norm,Norm,1999.0,Gd,2,3.0,204000,,mtsrn@hotmail.com
963,122.0,11923,Pave,Norm,Norm,2007.0,Gd,2,2.0,239000,,ejlduyy@yahoo.com.br
619,85.0,12244,Pave,Norm,Norm,2003.0,Gd,2,4.0,305000,,oqbbwfxufwn@icloud.com
634,64.0,6979,,Norm,Norm,1980.0,TA,-1,0.0,144000,,dnqpnwbkit@hotmail.com
793,76.0,9158,Pave,Norm,Norm,2007.0,Gd,2,3.0,225000,,gw@gmail.com
713,60.0,9873,Pave,RRAn,Norm,1970.0,TA,1,3.0,129000,,javhecfgq@yahoo.com.br
1414,64.0,13053,Pave,Norm,Norm,1923.0,TA,1,4.0,207000,,jjzibva@yahoo.com.br
521,90.0,11988,Pave,Feedr,Norm,1957.0,TA,1,3.0,150000,,hy@hotmail.com
672,,11250,Pave,Norm,Norm,1977.0,Gd,1,3.0,165000,,bjm@yahoo.com.br
1191,24.0,2645,,Norm,Norm,1999.0,Gd,2,2.0,174000,,uxavvb@icloud.com
11,85.0,11924,Pave,Norm,Norm,2005.0,Ex,3,4.0,345000,,tpuuqihbyctu@hotmail.com
415,73.0,8899,Pave,Norm,Norm,2007.0,Gd,2,3.0,181134,,vnja@hotmail.com
49,66.0,7742,Pave,Norm,Norm,1966.0,TA,1,3.0,127000,,xxpixyavo@gmail.com
864,72.0,8640,Pave,Norm,Norm,2007.0,Gd,2,3.0,250580,,mhmnwouyimhx@yahoo.com.br
472,35.0,3675,Pave,Norm,Norm,2005.0,TA,1,2.0,148000,,jdwukgiwvoqu@icloud.com
947,85.0,14536,Pave,Norm,Norm,2002.0,Gd,2,3.0,270000,,xddmgkd@icloud.com
1301,,7500,Pave,Norm,Norm,1942.0,TA,1,3.0,177500,,ifawyofbkt@yahoo.com.br
1309,,7153,Pave,Norm,Norm,1991.0,TA,2,3.0,179200,,bwl@hotmail.com
946,70.0,8163,Pave,Norm,Norm,1959.0,TA,1,3.0,143000,,ktd@hotmail.com
110,75.0,9525,Pave,Norm,Norm,1954.0,TA,2,4.0,136900,,slqt@gmail.com
1367,41.0,2665,Pave,Norm,Norm,1977.0,TA,2,4.0,127000,,qhigrke@hotmail.com
16,,11241,Pave,Norm,Norm,1970.0,TA,1,2.0,149000,,mgwqrh@gmail.com
820,72.0,7226,Pave,Norm,Norm,2003.0,Gd,2,3.0,183000,,kltunlaydnxb@hotmail.com
1300,,10762,Pave,Norm,Norm,1999.0,Gd,2,3.0,225000,,scwo@gmail.com
1216,68.0,8930,Pave,RRAe,Norm,1978.0,TA,2,4.0,112000,,henm@yahoo.com.br
1067,80.0,9760,Pave,Norm,Norm,1964.0,TA,1,4.0,167900,,gfcnqorrkepn@yahoo.com.br
1273,124.0,11512,Pave,Norm,Norm,1959.0,TA,1,2.0,177000,,glsg@hotmail.com
645,,10530,Pave,Norm,Norm,1971.0,TA,1,3.0,143250,,eoxqtcfhlyc@hotmail.com
273,80.0,9600,Pave,Feedr,Norm,1958.0,TA,2,3.0,139000,,vb@hotmail.com
895,71.0,7056,Pave,Norm,Norm,1963.0,TA,1,4.0,140000,,aakiuaqbbi@yahoo.com.br
1274,53.0,5362,Pave,Norm,Norm,1910.0,TA,2,3.0,139000,,twxvczfreclk@hotmail.com
399,65.0,8125,Pave,Norm,Norm,2006.0,Gd,2,2.0,241000,,rak@yahoo.com.br
1131,63.0,10712,Pave,Norm,Norm,1991.0,TA,1,3.0,93500,,yfzpteeo@icloud.com
112,77.0,9965,Pave,Norm,Norm,2007.0,Gd,2,4.0,383970,,gd@hotmail.com
355,105.0,11249,Pave,Norm,Norm,1995.0,Gd,2,3.0,177500,,teq@icloud.com
460,75.0,8004,Pave,RRAn,Norm,2009.0,Gd,2,3.0,263435,,laoxyqig@hotmail.com
677,52.0,9022,Pave,Norm,Norm,1924.0,Gd,1,2.0,109500,,pjjdm@icloud.com
189,41.0,4923,Pave,Norm,Norm,2001.0,Gd,1,0.0,286000,,dcnyzztznpbk@yahoo.com.br
885,50.0,5119,Pave,Norm,Norm,1999.0,Gd,2,2.0,328900,,ar@hotmail.com
420,78.0,7060,Pave,Norm,Norm,1997.0,TA,2,2.0,206300,,ipejbwhiwppx@hotmail.com
311,50.0,8000,Pave,Norm,Norm,1948.0,TA,1,2.0,132000,,ykshl@gmail.com
1000,74.0,10206,Pave,Norm,Norm,1952.0,TA,1,2.0,82000,,tm@gmail.com
1042,34.0,5381,Pave,Norm,Norm,2005.0,Gd,2,1.0,196000,,hclalw@gmail.com
1324,75.0,9986,Pave,Norm,Norm,2006.0,Gd,2,2.0,147000,,gptkobnbihed@yahoo.com.br
1030,,7082,Pave,Norm,Norm,1916.0,TA,2,5.0,160000,,gsfijumzvb@yahoo.com.br
11,85.0,11924,Pave,Norm,Norm,2005.0,Ex,3,4.0,345000,,tpuuqihbyctu@hotmail.com
1321,,6627,Pave,Feedr,Norm,1949.0,TA,1,2.0,72500,,sywxznzn@gmail.com
1057,,29959,Pave,Norm,Norm,1994.0,Gd,2,3.0,248000,,qbpevf@hotmail.com
176,97.0,10029,Pave,Norm,Norm,1988.0,Gd,2,4.0,211000,,jyegyu@yahoo.com.br
255,66.0,8738,Pave,Norm,Norm,1999.0,Gd,2,4.0,230000,,sxaqy@hotmail.com
505,60.0,7596,,Artery,Norm,1952.0,TA,2,4.0,124500,,kgvdkzuwz@gmail.com
411,100.0,34650,Pave,Norm,Norm,1955.0,TA,1,3.0,145000,,hzbdtmeuoy@hotmail.com
282,34.0,5063,Pave,Norm,Norm,2007.0,Gd,2,2.0,207500,,tljoruxhh@icloud.com
1085,73.0,9069,Pave,Norm,Norm,1992.0,TA,1,2.0,147000,,cpes@hotmail.com
201,75.0,10125,,Norm,Norm,1977.0,TA,2,3.0,171500,,dqnvmg@yahoo.com.br
1103,79.0,8910,Pave,Norm,Norm,1959.0,TA,1,3.0,159500,,difiyep@icloud.com
527,67.0,14948,Pave,Norm,Norm,2008.0,Ex,2,3.0,446261,,ulafxqqi@gmail.com
245,80.0,10400,,Norm,Norm,1988.0,TA,2,3.0,241500,,ohnkaaun@yahoo.com.br
1173,138.0,18030,Pave,Norm,Norm,1946.0,TA,3,3.0,200500,,iisyjbzwfd@hotmail.com
967,,7390,Pave,Norm,Norm,1955.0,TA,1,3.0,135000,,ckr@hotmail.com
88,105.0,8470,Pave,Feedr,Feedr,1915.0,Fa,1,2.0,85000,,lhpisxolzoxw@yahoo.com.br
368,78.0,7800,Pave,Norm,Norm,1954.0,TA,1,2.0,132000,,gywsgwgarqp@icloud.com
420,78.0,7060,Pave,Norm,Norm,1997.0,TA,2,2.0,206300,,ipejbwhiwppx@hotmail.com
1234,55.0,8525,Pave,Norm,Norm,1911.0,TA,1,4.0,130000,,ihahjc@yahoo.com.br
1307,60.0,8072,Pave,Norm,Norm,1994.0,TA,1,3.0,138000,,xv@gmail.com
102,64.0,7018,Pave,Norm,Norm,1979.0,TA,2,4.0,118964,,bpqmfkxdtdv@yahoo.com.br
716,60.0,10800,Pave,Norm,Norm,1890.0,TA,1,3.0,159500,,cqgvx@hotmail.com
206,40.0,13673,Pave,RRAe,Norm,1962.0,TA,1,3.0,143900,,uummqxdmlfgu@yahoo.com.br
747,65.0,11700,Pave,Norm,Norm,1880.0,Gd,1,4.0,265979,,fkhidcxmbutx@gmail.com
240,75.0,9000,Pave,Norm,Norm,2008.0,Gd,2,3.0,262500,,pa@yahoo.com.br
332,85.0,10655,Pave,Norm,Norm,2003.0,Gd,2,3.0,284000,,ajnsmgf@hotmail.com
842,82.0,9020,Pave,Norm,Norm,1966.0,TA,1,3.0,174900,,xnlokjz@gmail.com
502,70.0,9170,Pave,Feedr,Norm,1965.0,TA,1,2.0,140000,,th@hotmail.com
549,75.0,9375,Pave,Norm,Norm,2003.0,Gd,2,4.0,263000,,iyeo@gmail.com
1359,129.0,16737,Pave,Norm,Norm,2004.0,Gd,2,3.0,315000,,kfvv@gmail.com
859,,11029,Pave,PosA,Norm,1968.0,TA,2,4.0,250000,,ccsoxjlx@gmail.com
958,65.0,8450,Pave,Norm,Norm,2003.0,Gd,2,3.0,185000,,fum@icloud.com
1372,75.0,9750,Pave,Norm,Norm,1998.0,TA,2,3.0,274300,,ygco@yahoo.com.br
1053,68.0,8562,Pave,Norm,Norm,1957.0,TA,1,4.0,144500,,tjuzqtppdgmy@hotmail.com
713,60.0,9873,Pave,RRAn,Norm,1970.0,TA,1,3.0,129000,,javhecfgq@yahoo.com.br
964,80.0,11316,Pave,Norm,Norm,2002.0,Gd,2,4.0,214900,,zupbgglmouin@gmail.com
52,110.0,8472,Grvl,RRNn,Norm,1963.0,Fa,1,2.0,110000,,quad@gmail.com
134,78.0,10335,Pave,Norm,Norm,1968.0,TA,2,3.0,180000,,pdp@hotmail.com
338,91.0,14145,Pave,Norm,Norm,1984.0,Gd,2,3.0,202500,,ttljoavmntgt@icloud.com
60,63.0,13072,Pave,RRAe,Norm,2004.0,TA,1,3.0,158000,,tcn@icloud.com
1187,89.0,12461,Pave,Norm,Norm,1994.0,Gd,2,2.0,262000,,ckplcd@hotmail.com
54,60.0,7134,Pave,Norm,Norm,1955.0,TA,1,3.0,130000,,lbwyntgktt@gmail.com
1092,60.0,8400,Pave,Norm,Norm,1925.0,TA,2,4.0,136500,,aqdsp@gmail.com
965,65.0,10237,Pave,RRAn,Norm,2005.0,Gd,2,3.0,178900,,hgon@icloud.com
1402,64.0,6762,Pave,Norm,Norm,2006.0,Gd,2,2.0,193879,,hkeilbpdwxdq@yahoo.com.br
1245,78.0,12090,Pave,Norm,Norm,1984.0,TA,3,3.0,178000,,lum@icloud.com
241,40.0,3880,Pave,Norm,Norm,1945.0,TA,1,2.0,110500,,snjd@yahoo.com.br
352,60.0,9084,Pave,Artery,Norm,1941.0,TA,1,3.0,95000,,nknjgg@icloud.com
330,,10624,,Norm,Norm,1964.0,TA,2,6.0,119000,,kiwvy@gmail.com
979,80.0,8816,Pave,Feedr,Norm,1963.0,TA,1,3.0,139000,,ftusccalfxir@hotmail.com
392,,8339,Pave,Norm,Norm,1959.0,TA,1,3.0,106500,,bzoakjs@gmail.com
1056,43.0,7052,,Norm,Norm,2005.0,Gd,2,2.0,185850,,lodgb@icloud.com
485,80.0,9600,Pave,Norm,Norm,1950.0,Gd,1,3.0,147000,,uzo@icloud.com
840,,12155,Pave,Norm,Norm,1925.0,TA,2,4.0,140000,,wkxkvyenec@yahoo.com.br
1373,,11400,Pave,Norm,Norm,2001.0,Ex,2,2.0,466500,,pnu@hotmail.com
273,80.0,9600,Pave,Feedr,Norm,1958.0,TA,2,3.0,139000,,vb@hotmail.com
246,69.0,9142,Pave,Norm,Norm,1910.0,TA,2,4.0,137000,,vglembhe@gmail.com
1196,58.0,14054,Pave,Norm,Norm,2006.0,Gd,2,,219210,,suinwirotwe@yahoo.com.br
159,134.0,19378,Pave,Norm,Norm,2005.0,Gd,2,4.0,320000,,vdyyrebp@hotmail.com
594,88.0,7990,Pave,Norm,Norm,1975.0,TA,1,3.0,110000,,fkmv@yahoo.com.br
689,61.0,7577,Pave,Norm,Norm,2005.0,Gd,2,2.0,194700,,en@hotmail.com
160,,11120,Pave,Norm,Norm,1984.0,TA,2,3.0,162500,,flmbktthmy@hotmail.com
313,150.0,215245,Pave,Norm,Norm,1965.0,TA,2,3.0,375000,,mj@icloud.com
950,60.0,7200,Pave,Norm,Norm,1950.0,TA,1,3.0,129000,,vpluvbvwob@yahoo.com.br
1144,60.0,12180,Pave,Norm,Norm,1941.0,TA,1,2.0,80000,,scps@icloud.com
232,21.0,1680,Pave,Norm,Norm,1972.0,TA,1,2.0,94500,,nremwybvlyw@gmail.com
1216,68.0,8930,Pave,RRAe,Norm,1978.0,TA,2,4.0,112000,,henm@yahoo.com.br
738,60.0,10800,Pave,Norm,Norm,1987.0,TA,3,3.0,179000,,rwed@gmail.com
1318,,14781,Pave,Norm,Norm,2001.0,Gd,2,3.0,275000,,osqbbnqxrng@icloud.com
481,72.0,11846,Pave,Norm,Norm,2003.0,Gd,2,2.0,374000,,rqvfgelu@yahoo.com.br
980,,12122,Pave,Norm,Norm,1961.0,Ex,1,3.0,178400,,xiduwb@gmail.com
950,60.0,7200,Pave,Norm,Norm,1950.0,TA,1,3.0,129000,,vpluvbvwob@yahoo.com.br
134,78.0,10335,Pave,Norm,Norm,1968.0,TA,2,3.0,180000,,pdp@hotmail.com
790,43.0,3182,Pave,Norm,Norm,2005.0,Gd,2,2.0,160200,,doctidhwsxb@yahoo.com.br
987,83.0,10159,Pave,Norm,Norm,2009.0,Ex,2,3.0,395192,,ceu@icloud.com
344,36.0,2592,Pave,Norm,Norm,1976.0,TA,1,3.0,85000,,hvwxjuleecky@hotmail.com
996,,10659,Pave,Norm,Norm,1961.0,TA,1,3.0,136500,,svdwv@icloud.com
1238,63.0,13072,Pave,RRAe,Norm,2005.0,Gd,1,3.0,142500,,qz@hotmail.com
438,40.0,4280,Pave,Norm,Norm,1913.0,TA,1,2.0,90350,,ogs@icloud.com
1080,80.0,11040,Pave,Norm,Norm,1971.0,Gd,2,3.0,145000,,gvtumhcev@icloud.com
379,60.0,8123,Pave,RRAn,Norm,2000.0,TA,2,3.0,179000,,uzywo@hotmail.com
928,,11838,Pave,Norm,Norm,2001.0,Gd,2,3.0,236500,,stbqybewmsv@hotmail.com
458,,5100,Pave,Norm,Norm,1925.0,TA,1,3.0,161000,,oxlh@icloud.com
846,75.0,9317,Pave,Norm,Norm,1993.0,Gd,2,3.0,213000,,wvdr@yahoo.com.br
1292,60.0,6600,Pave,Norm,Norm,1892.0,TA,2,4.0,107500,,lte@yahoo.com.br
966,130.0,9600,Pave,Norm,Norm,1940.0,Gd,1,2.0,160000,,fy@hotmail.com
972,55.0,7892,Pave,Norm,Norm,1979.0,TA,2,2.0,99500,,umecl@hotmail.com
1171,76.0,9120,Pave,Norm,Norm,1958.0,TA,1,3.0,163000,,rxrrdwipn@gmail.com
470,,6820,Pave,Norm,Norm,1985.0,Gd,1,1.0,212000,,djyg@gmail.com
1154,,13700,Pave,Norm,Norm,1965.0,TA,1,4.0,201800,,ufsge@hotmail.com
788,50.0,6000,Pave,Norm,Norm,1954.0,TA,1,2.0,107900,,ddkrgltsjl@gmail.com
587,74.0,8740,Pave,Norm,Norm,1982.0,TA,1,2.0,137000,,qrxhhtn@hotmail.com
1210,70.0,11218,Pave,Norm,Norm,1992.0,Gd,2,3.0,189000,,cjfqrjwss@yahoo.com.br
968,50.0,5925,Pave,Norm,Norm,1910.0,TA,1,2.0,37900,,gcqmnp@icloud.com
995,51.0,4712,Pave,Feedr,Norm,1946.0,TA,1,3.0,121600,,qg@icloud.com
1352,50.0,6000,Pave,Norm,Norm,1937.0,Gd,1,2.0,134900,,qigmtn@hotmail.com
1404,60.0,10410,Pave,Artery,Norm,1915.0,TA,1,3.0,105000,,vmtzfffuwe@icloud.com
438,40.0,4280,Pave,Norm,Norm,1913.0,TA,1,2.0,90350,,ogs@icloud.com
1270,,23595,Pave,Norm,Norm,1979.0,Gd,-1,0.0,260000,,lhilsw@gmail.com
578,34.0,3604,Pave,Norm,Norm,2007.0,Gd,2,2.0,146000,,kooxrjbctm@yahoo.com.br
97,73.0,10921,Pave,Norm,Norm,1965.0,TA,1,3.0,94750,,ocboekt@gmail.com
1140,60.0,7350,Pave,Norm,Norm,1951.0,TA,1,2.0,139000,,fupxgxzkblvq@yahoo.com.br
1417,,16545,Pave,Norm,Norm,1998.0,Gd,2,3.0,340000,,emkkm@icloud.com
18,66.0,13695,Pave,RRAe,Norm,2004.0,TA,1,3.0,159000,,brfxiydh@icloud.com
1274,53.0,5362,Pave,Norm,Norm,1910.0,TA,2,3.0,139000,,twxvczfreclk@hotmail.com
433,100.0,10839,Pave,Norm,Norm,1997.0,TA,2,3.0,181000,,ijxwl@icloud.com
1048,100.0,21750,Pave,Norm,Norm,1960.0,TA,1,3.0,115000,,dobac@yahoo.com.br
1328,60.0,10440,Pave,Norm,Norm,1920.0,Gd,2,5.0,256000,,johjiiqyl@hotmail.com
1347,93.0,15306,Pave,Norm,Norm,2006.0,Gd,2,3.0,283463,,dazyymg@yahoo.com.br
92,80.0,13360,Pave,Norm,Norm,1921.0,TA,1,2.0,163500,,xvkn@gmail.com
1186,107.0,10615,Pave,Artery,Artery,1900.0,TA,2,3.0,95000,,jswk@yahoo.com.br
1103,79.0,8910,Pave,Norm,Norm,1959.0,TA,1,3.0,159500,,difiyep@icloud.com
492,105.0,15578,Pave,Norm,Norm,2006.0,Gd,2,3.0,172785,,bkssbis@yahoo.com.br
6,75.0,10084,Pave,Norm,Norm,2004.0,Gd,2,3.0,307000,,rcw@icloud.com
154,84.0,11340,Pave,Norm,Norm,1923.0,TA,1,4.0,125000,,wixryt@gmail.com
274,76.0,8314,Pave,Norm,Norm,1982.0,TA,1,2.0,124500,,smfna@yahoo.com.br
952,60.0,7200,Pave,Norm,Norm,1972.0,TA,1,2.0,133900,,wkpnjrrk@yahoo.com.br
1218,52.0,6240,Pave,Norm,Norm,1947.0,TA,1,2.0,80500,,ojj@icloud.com
832,44.0,9548,Pave,Norm,Norm,2003.0,Gd,2,3.0,237000,,ahcsfkzbyi@hotmail.com
721,,4426,Pave,Norm,Norm,2004.0,Gd,1,1.0,143000,,lbdupjwiv@icloud.com
770,,7252,Pave,Norm,Norm,1982.0,TA,1,2.0,134900,,yyabbpcam@icloud.com
363,21.0,1680,Pave,Norm,Norm,1972.0,TA,1,2.0,118000,,mj@hotmail.com
1296,80.0,8700,Pave,Norm,Norm,1963.0,TA,2,3.0,155000,,hlnmtyskew@hotmail.com
137,82.0,11070,Pave,Norm,Norm,1988.0,TA,3,5.0,171000,,irvkmlkwrdhh@hotmail.com
249,,159000,Pave,Norm,Norm,1958.0,Gd,2,4.0,277000,,efsyzm@hotmail.com
920,70.0,8462,Pave,Norm,Norm,1994.0,Gd,2,3.0,201000,,rkfmyhvwxt@yahoo.com.br
722,70.0,8120,,Norm,Norm,1970.0,TA,1,3.0,124500,,snyoybinh@hotmail.com
850,36.0,4435,Pave,Norm,Norm,2003.0,Gd,1,1.0,131500,,eswmunt@icloud.com
467,79.0,9480,Pave,Artery,Norm,1942.0,TA,1,,146500,,qsvuzusvo@yahoo.com.br
1134,57.0,8773,Pave,Norm,Norm,1997.0,TA,2,3.0,169000,,loxhiopdd@yahoo.com.br
1336,87.0,9246,Pave,Feedr,Norm,1973.0,TA,2,4.0,135000,,shnxubp@hotmail.com
764,30.0,9549,Pave,Norm,Norm,1995.0,Gd,1,2.0,270000,,sd@gmail.com
209,75.0,8250,Pave,Norm,Norm,1964.0,TA,1,3.0,145000,,vqcx@yahoo.com.br
485,80.0,9600,Pave,Norm,Norm,1950.0,Gd,1,3.0,147000,,uzo@icloud.com
1224,60.0,15384,Pave,RRAn,Norm,2004.0,Gd,2,3.0,184000,,dtous@gmail.com
1051,103.0,11175,Pave,Norm,Norm,2007.0,Gd,2,3.0,200141,,apvuyxz@yahoo.com.br
408,109.0,14154,Pave,Norm,Norm,2006.0,Gd,2,3.0,280000,,rzgjss@yahoo.com.br
821,60.0,6000,Pave,Norm,Norm,1953.0,Fa,1,2.0,93000,,gtox@hotmail.com
1057,,29959,Pave,Norm,Norm,1994.0,Gd,2,3.0,248000,,qbpevf@hotmail.com
702,82.0,12438,Pave,Norm,Norm,2006.0,Ex,2,4.0,361919,,ivdcq@yahoo.com.br
810,78.0,10140,Pave,Norm,Norm,1974.0,TA,1,3.0,181000,,hqlyeeuhtazo@gmail.com
756,68.0,10769,Pave,Norm,Norm,2007.0,Gd,2,3.0,212000,,lpzz@icloud.com
156,60.0,7200,Pave,Norm,Norm,1950.0,TA,1,2.0,109500,,csiskzprxjff@yahoo.com.br
173,80.0,10197,Pave,Norm,Norm,1961.0,TA,1,3.0,163000,,zqvqb@yahoo.com.br
286,77.0,9786,Pave,Norm,Norm,1962.0,TA,1,3.0,159000,,pwhmr@yahoo.com.br
176,97.0,10029,Pave,Norm,Norm,1988.0,Gd,2,4.0,211000,,jyegyu@yahoo.com.br
1406,70.0,8445,,Norm,Norm,1972.0,TA,1,2.0,133000,,senelhksyfo@icloud.com
1301,,7500,Pave,Norm,Norm,1942.0,TA,1,3.0,177500,,ifawyofbkt@yahoo.com.br
447,,11214,Pave,Norm,Norm,1998.0,Gd,2,4.0,199900,,nuwzgesrvw@hotmail.com
772,94.0,7819,Pave,Norm,Norm,1976.0,TA,1,3.0,107000,,ytnxwhj@gmail.com
801,40.0,4800,Pave,Norm,Norm,1916.0,TA,1,2.0,109900,,vdetspdfpnek@icloud.com
767,75.0,12508,Pave,Norm,Norm,1940.0,TA,2,4.0,160000,,gvdgfpflxim@icloud.com
1146,,11200,Pave,Norm,Norm,1985.0,Gd,2,3.0,180000,,gqwllr@hotmail.com
131,,12224,Pave,Norm,Norm,2000.0,Gd,2,3.0,244000,,azs@yahoo.com.br
400,38.0,14963,Pave,Norm,Norm,1996.0,Gd,1,1.0,245500,,fwqntmhv@hotmail.com
1277,,17871,Pave,Norm,Norm,1967.0,TA,1,3.0,197900,,gvffhkutdfhc@gmail.com
1430,60.0,21930,Pave,RRAn,Norm,2005.0,Gd,2,4.0,192140,,xnvjj@yahoo.com.br
1238,63.0,13072,Pave,RRAe,Norm,2005.0,Gd,1,3.0,142500,,qz@hotmail.com
294,80.0,9600,Pave,Norm,Norm,1953.0,TA,1,3.0,167000,,wmmzanfvix@yahoo.com.br
578,34.0,3604,Pave,Norm,Norm,2007.0,Gd,2,2.0,146000,,kooxrjbctm@yahoo.com.br
239,52.0,8741,Pave,Norm,Norm,1945.0,TA,1,3.0,113000,,ikli@yahoo.com.br
830,80.0,11900,Pave,Norm,Norm,1957.0,TA,1,3.0,166000,,aeqrmhoywg@hotmail.com
1138,,9819,Pave,Norm,Norm,1977.0,TA,2,2.0,196000,,iknph@icloud.com
869,80.0,9938,Pave,Norm,Norm,1993.0,Gd,2,3.0,236000,,hioemhgogpp@gmail.com
1067,80.0,9760,Pave,Norm,Norm,1964.0,TA,1,4.0,167900,,gfcnqorrkepn@yahoo.com.br
1250,93.0,11160,Pave,Norm,Norm,1968.0,Gd,2,3.0,244000,,ygyksd@icloud.com
991,121.0,17671,Pave,Artery,Norm,1882.0,Gd,1,4.0,168000,,segw@yahoo.com.br
958,65.0,8450,Pave,Norm,Norm,2003.0,Gd,2,3.0,185000,,fum@icloud.com
1307,60.0,8072,Pave,Norm,Norm,1994.0,TA,1,3.0,138000,,xv@gmail.com
638,67.0,8777,Pave,Feedr,Norm,1910.0,TA,1,2.0,85000,,fuynqstvfbi@yahoo.com.br
672,,11250,Pave,Norm,Norm,1977.0,Gd,1,3.0,165000,,bjm@yahoo.com.br
250,55.0,5350,Pave,Norm,Norm,1940.0,TA,1,3.0,76500,,hrunaglwiw@gmail.com
1063,50.0,6000,Pave,Artery,Norm,1925.0,TA,1,2.0,110500,,rpxx@yahoo.com.br
319,,14115,Pave,Norm,Norm,1980.0,TA,2,3.0,187500,,uwyhb@gmail.com
1411,80.0,9600,Pave,Norm,Norm,1950.0,TA,1,3.0,140000,,hvmr@icloud.com
282,34.0,5063,Pave,Norm,Norm,2007.0,Gd,2,2.0,207500,,tljoruxhh@icloud.com
284,50.0,8012,Pave,Norm,Norm,1992.0,Gd,2,2.0,179200,,rmtw@gmail.com
1038,21.0,1533,Pave,Norm,Norm,1970.0,TA,1,,97000,,sziajcpswesg@hotmail.com
1222,78.0,10496,Pave,Artery,Norm,1949.0,TA,2,3.0,143000,,obdiojc@hotmail.com
79,60.0,10440,Pave,Norm,Norm,1910.0,TA,1,2.0,110000,,swv@gmail.com
231,174.0,15138,Pave,Norm,Norm,1995.0,Gd,2,4.0,403000,,qxdstpbgu@hotmail.com
584,51.0,6120,Pave,Norm,Norm,1935.0,TA,1,3.0,133000,,dmwunerbp@hotmail.com
492,105.0,15578,Pave,Norm,Norm,2006.0,Gd,2,3.0,172785,,bkssbis@yahoo.com.br
887,59.0,16466,Pave,Norm,Norm,1955.0,TA,1,3.0,135500,,onnodvcs@gmail.com
1032,,14541,Pave,Norm,Norm,1993.0,Gd,2,5.0,310000,,ygfujozrm@gmail.com
309,90.0,12378,,Norm,Norm,2003.0,Gd,2,3.0,360000,,kk@gmail.com
747,65.0,11700,Pave,Norm,Norm,1880.0,Gd,1,4.0,265979,,fkhidcxmbutx@gmail.com
717,80.0,10000,Pave,Norm,Norm,1973.0,TA,1,3.0,157000,,hdb@yahoo.com.br
356,,9248,Pave,Norm,Norm,1992.0,TA,2,3.0,173000,,qizu@icloud.com
527,67.0,14948,Pave,Norm,Norm,2008.0,Ex,2,3.0,446261,,ulafxqqi@gmail.com
531,60.0,6155,Pave,RRNn,Feedr,1920.0,TA,2,3.0,128000,,mklhfm@hotmail.com
975,,2651,Pave,Norm,Norm,2000.0,Gd,2,3.0,165000,,jichzrhzwblk@hotmail.com
1119,70.0,7560,Pave,Norm,Norm,1959.0,TA,1,3.0,133700,,kftvwzjday@gmail.com
1153,,5890,Pave,Norm,Norm,1930.0,Gd,1,2.0,120500,,rdhjezuou@hotmail.com
278,107.0,14450,Pave,Norm,Norm,2006.0,Ex,2,3.0,415298,,osisu@gmail.com
1217,72.0,8640,Pave,Norm,Norm,2009.0,Gd,2,3.0,229456,,lgxxxzbfmrj@icloud.com
783,,9101,Pave,Norm,Norm,1978.0,TA,1,1.0,165500,,ri@hotmail.com
1274,53.0,5362,Pave,Norm,Norm,1910.0,TA,2,3.0,139000,,twxvczfreclk@hotmail.com
304,87.0,18386,Pave,Norm,Norm,1880.0,TA,3,3.0,295000,,qrhthvbat@hotmail.com
771,67.0,8877,Pave,Norm,Norm,1951.0,TA,1,2.0,102000,,fvevmwrly@yahoo.com.br
811,,4438,Pave,Norm,Norm,2004.0,Gd,1,1.0,144500,,qjpqxqvcgjvp@yahoo.com.br
323,49.0,5820,Pave,Norm,Norm,1955.0,TA,1,3.0,126175,,autvogpoj@icloud.com
1317,47.0,4230,Pave,Norm,Norm,2006.0,Gd,2,2.0,208900,,kqbsujgtlb@yahoo.com.br
1337,153.0,4118,Pave,Feedr,Norm,1941.0,TA,1,2.0,52500,,dfqosasffck@gmail.com
542,78.0,10140,Pave,RRAn,Norm,1998.0,Gd,2,3.0,213250,,iazsoupdggex@hotmail.com
896,50.0,8765,,Norm,Norm,1936.0,TA,1,2.0,106500,,qc@yahoo.com.br
445,73.0,9855,,Norm,Norm,1956.0,TA,1,,127500,,qjqdfleuycv@yahoo.com.br
386,58.0,8410,Pave,Feedr,Norm,1910.0,TA,1,5.0,81000,,bdk@hotmail.com
34,60.0,7313,Pave,Norm,Norm,2005.0,Ex,2,2.0,277500,,qqrpyciqwlze@gmail.com
558,57.0,21872,Pave,Norm,Norm,1996.0,TA,2,3.0,175000,,hlo@icloud.com
465,,3072,Pave,Norm,Norm,2004.0,Gd,2,2.0,178740,,smbqkzbac@hotmail.com
378,88.0,11394,Pave,Norm,Norm,2010.0,Gd,1,1.0,394432,,vjt@icloud.com
267,60.0,8400,Pave,Norm,Norm,1939.0,TA,2,4.0,179500,,yqqzaw@yahoo.com.br
1278,75.0,9473,Pave,Norm,Norm,2002.0,Gd,2,3.0,237000,,hnje@yahoo.com.br
502,70.0,9170,Pave,Feedr,Norm,1965.0,TA,1,2.0,140000,,th@hotmail.com
235,21.0,1680,Pave,Norm,Norm,1971.0,TA,1,2.0,89500,,kymvffcuexjj@yahoo.com.br
628,70.0,11606,Pave,Norm,Norm,1969.0,TA,1,5.0,135000,,kqiwhyezogr@hotmail.com
874,52.0,5720,Pave,Artery,Norm,1941.0,TA,1,3.0,66500,,tozsdliuzolw@hotmail.com
576,52.0,6292,Pave,Norm,Norm,1928.0,TA,2,3.0,145000,,bopapa@icloud.com
589,50.0,9100,Pave,RRAn,Feedr,1930.0,TA,1,2.0,79500,,iec@icloud.com
811,,4438,Pave,Norm,Norm,2004.0,Gd,1,1.0,144500,,qjpqxqvcgjvp@yahoo.com.br
874,52.0,5720,Pave,Artery,Norm,1941.0,TA,1,3.0,66500,,tozsdliuzolw@hotmail.com
298,90.0,11700,Pave,Norm,Norm,1968.0,Gd,1,3.0,175000,,gdgbmgdgwjv@icloud.com
367,101.0,9150,,Norm,Norm,1962.0,TA,1,3.0,165000,,ihcaosf@gmail.com
797,57.0,7677,Pave,Norm,Norm,1953.0,TA,1,2.0,110000,,bysvsro@hotmail.com
373,79.0,10634,Pave,Norm,Norm,1953.0,TA,1,3.0,123000,,tuwddeuqglh@hotmail.com
1296,80.0,8700,Pave,Norm,Norm,1963.0,TA,2,3.0,155000,,hlnmtyskew@hotmail.com
513,71.0,9187,Pave,Norm,Norm,1983.0,TA,1,3.0,134000,,eeitutyq@gmail.com
1334,24.0,2368,Pave,Norm,Norm,1970.0,TA,1,3.0,125000,,ecgptkmq@icloud.com
978,68.0,9450,Pave,Norm,Norm,1954.0,TA,1,3.0,110000,,sgy@yahoo.com.br
396,60.0,7200,Pave,Norm,Norm,1972.0,TA,1,2.0,123000,,ymgpomnvzqxw@hotmail.com
366,,9500,Pave,Norm,Norm,1963.0,TA,1,3.0,159000,,xgzhncizipx@gmail.com
736,60.0,8544,Pave,Norm,Norm,1950.0,TA,2,2.0,93500,,xhddtlavqpl@hotmail.com
352,60.0,9084,Pave,Artery,Norm,1941.0,TA,1,3.0,95000,,nknjgg@icloud.com
1016,73.0,11883,Pave,Norm,Norm,1996.0,Gd,2,3.0,203000,,bbpugqev@yahoo.com.br
82,78.0,10206,Pave,Norm,Norm,2007.0,TA,2,3.0,245000,,eftppw@yahoo.com.br
897,64.0,7018,Pave,Feedr,Norm,1979.0,TA,2,6.0,142953,,gbwynqjdqiy@yahoo.com.br
106,60.0,10800,Pave,Norm,Norm,1885.0,TA,1,2.0,100000,,xvbqhfte@gmail.com
712,40.0,4671,Pave,Norm,Norm,1988.0,Gd,2,2.0,189000,,wcuchcxwtt@gmail.com
136,,10355,Pave,Norm,Norm,1967.0,TA,2,3.0,143000,,tmenrdrkxrkj@yahoo.com.br
781,65.0,7153,Pave,Norm,Norm,1992.0,Gd,2,3.0,175900,,kfftqvkvlx@yahoo.com.br
610,,11050,Pave,PosN,Norm,2000.0,Gd,2,3.0,313000,,di@hotmail.com
1101,61.0,9758,Pave,Norm,Norm,1971.0,TA,1,3.0,119500,,agbau@icloud.com
1189,60.0,7500,Pave,Norm,Norm,1999.0,TA,2,,189000,,xz@yahoo.com.br
900,,7340,Pave,Norm,Norm,1971.0,TA,1,2.0,110000,,cwwz@hotmail.com
308,,12342,Pave,Norm,Norm,1940.0,TA,1,1.0,82500,,qhhqsur@hotmail.com
635,60.0,10896,Pave,Feedr,Norm,1914.0,Fa,2,8.0,200000,,ulu@hotmail.com
1022,52.0,9439,Pave,Norm,Norm,1930.0,TA,1,2.0,87000,,vmihif@icloud.com
182,60.0,9060,Pave,Artery,Norm,1957.0,TA,1,3.0,120000,,wayhuumqm@hotmail.com
396,60.0,7200,Pave,Norm,Norm,1972.0,TA,1,2.0,123000,,ymgpomnvzqxw@hotmail.com
1333,60.0,7200,Pave,Norm,Norm,1938.0,TA,1,2.0,125500,,dtngzqlrk@icloud.com
336,86.0,14157,Pave,Norm,Norm,2005.0,Gd,2,3.0,377426,,ergjlambzxfq@gmail.com
1152,90.0,14115,Pave,Norm,Norm,1956.0,TA,1,2.0,230000,,uuw@hotmail.com
333,59.0,8198,Pave,Norm,Norm,2004.0,Gd,2,2.0,207000,,lynqbwki@gmail.com
1075,75.0,13125,Pave,Norm,Norm,1940.0,TA,1,3.0,219500,,svhb@hotmail.com
239,52.0,8741,Pave,Norm,Norm,1945.0,TA,1,3.0,113000,,ikli@yahoo.com.br
952,60.0,7200,Pave,Norm,Norm,1972.0,TA,1,2.0,133900,,wkpnjrrk@yahoo.com.br
1375,89.0,10991,Pave,Norm,Norm,2007.0,Gd,2,3.0,239000,,chwry@icloud.com
748,59.0,10593,Pave,Norm,Norm,1996.0,Gd,2,3.0,260400,,nqpvhy@gmail.com
622,71.0,7064,Pave,Norm,Norm,1977.0,TA,1,3.0,135000,,fpoqa@hotmail.com
1373,,11400,Pave,Norm,Norm,2001.0,Ex,2,2.0,466500,,pnu@hotmail.com
821,60.0,6000,Pave,Norm,Norm,1953.0,Fa,1,2.0,93000,,gtox@hotmail.com
1036,89.0,12898,Pave,Norm,Norm,2007.0,Gd,2,2.0,315500,,tyiwk@gmail.com
399,65.0,8125,Pave,Norm,Norm,2006.0,Gd,2,2.0,241000,,rak@yahoo.com.br
486,79.0,10289,Pave,Norm,Norm,1965.0,TA,1,3.0,156000,,vkggm@icloud.com
1104,24.0,2016,,Norm,Norm,1970.0,TA,2,3.0,106000,,qmludsg@gmail.com
693,60.0,5400,Pave,Norm,Norm,1921.0,TA,1,2.0,108480,,wyg@yahoo.com.br
817,,13265,,Norm,Norm,2002.0,Gd,2,3.0,271000,,ssjjfmtnyj@hotmail.com
310,,7685,Pave,Norm,Norm,1993.0,TA,2,3.0,165600,,svps@yahoo.com.br
670,64.0,8633,Pave,Norm,Norm,2005.0,Gd,2,3.0,173500,,ml@yahoo.com.br
609,61.0,7943,Pave,Feedr,Norm,1961.0,TA,1,3.0,118500,,lkxn@icloud.com
371,80.0,17120,Pave,Feedr,Norm,1959.0,TA,2,4.0,134432,,nggpszywgive@gmail.com
306,116.0,13474,Pave,Feedr,Norm,1990.0,Gd,2,4.0,225000,,qxrjqjzk@hotmail.com
266,70.0,11207,Pave,Norm,Norm,1997.0,TA,2,3.0,185000,,lbcordljtoi@icloud.com
636,51.0,6120,Pave,Norm,Norm,1936.0,Fa,1,1.0,60000,,uyi@icloud.com
853,,12095,Pave,Norm,Norm,1964.0,TA,1,3.0,158000,,tltsukp@gmail.com
1122,,8926,Pave,Norm,Norm,1956.0,TA,1,3.0,112000,,awzf@icloud.com
1394,53.0,4045,Pave,Norm,Norm,2006.0,Gd,2,2.0,246578,,ypqjbkoyh@gmail.com
45,61.0,7658,Pave,Norm,Norm,2005.0,Ex,2,2.0,319900,,og@icloud.com
156,60.0,7200,Pave,Norm,Norm,1950.0,TA,1,2.0,109500,,csiskzprxjff@yahoo.com.br
334,59.0,9042,Pave,Norm,Norm,1998.0,TA,2,3.0,192000,,cngvjotncxv@icloud.com
187,60.0,10410,,Norm,Norm,1916.0,TA,2,3.0,135000,,lx@yahoo.com.br
824,81.0,11216,Pave,Norm,Norm,2006.0,Gd,2,3.0,232600,,kxdgylzucjy@gmail.com
721,,4426,Pave,Norm,Norm,2004.0,Gd,1,1.0,143000,,lbdupjwiv@icloud.com
202,50.0,7000,Pave,Artery,Norm,1924.0,TA,2,2.0,112000,,zyxqiwb@yahoo.com.br
113,,21000,Pave,Norm,Norm,1953.0,TA,2,3.0,217000,,nyxp@gmail.com
1023,43.0,3182,Pave,Norm,Norm,,Gd,2,2.0,191000,,gwlt@hotmail.com
1005,65.0,8385,Pave,Norm,Norm,1977.0,Gd,2,3.0,149900,,vpczt@icloud.com
479,50.0,5925,Pave,Norm,Norm,1937.0,TA,1,2.0,89471,,ou@yahoo.com.br
522,50.0,5000,Pave,Feedr,Norm,1947.0,TA,2,3.0,159000,,vh@gmail.com
311,50.0,8000,Pave,Norm,Norm,1948.0,TA,1,2.0,132000,,ykshl@gmail.com
246,69.0,9142,Pave,Norm,Norm,1910.0,TA,2,4.0,137000,,vglembhe@gmail.com
7,,10382,Pave,PosN,Norm,1973.0,TA,2,3.0,200000,,vnpgqrjpf@yahoo.com.br
899,65.0,6993,Pave,Feedr,Norm,1961.0,TA,1,3.0,135000,,hqckutqsezos@icloud.com
430,21.0,1680,Pave,Norm,Norm,1971.0,TA,1,2.0,85400,,oy@gmail.com
1055,104.0,11361,Pave,Norm,Norm,1976.0,TA,2,3.0,180000,,we@icloud.com
543,34.0,4058,Pave,Norm,Norm,1998.0,TA,1,1.0,133000,,kpjpar@gmail.com
219,43.0,3010,Pave,Norm,Norm,2005.0,Gd,2,2.0,167240,,fhfx@gmail.com
903,50.0,14859,Pave,Norm,Norm,2006.0,Gd,2,3.0,240000,,fgpwophvfkm@yahoo.com.br
1003,,11500,Pave,Feedr,RRAn,1976.0,TA,2,4.0,136905,,yknw@hotmail.com
1260,,24682,Pave,RRAn,Norm,1999.0,TA,2,3.0,181000,,fufq@gmail.com
377,102.0,11143,,Norm,Norm,2004.0,Gd,3,4.0,340000,,ahuqqagm@yahoo.com.br
640,62.0,12677,Pave,Norm,Norm,2003.0,Ex,1,1.0,274000,,yman@gmail.com
376,57.0,8846,Pave,Norm,Norm,1996.0,Gd,1,2.0,148000,,gen@gmail.com
1391,65.0,8944,Pave,Norm,Norm,1967.0,TA,2,4.0,124000,,daohfq@yahoo.com.br
565,66.0,6858,Pave,Norm,Norm,1915.0,TA,1,4.0,128000,,davbpudu@hotmail.com
515,94.0,12220,Pave,Norm,Norm,2009.0,Ex,2,,402861,,nb@hotmail.com
1307,60.0,8072,Pave,Norm,Norm,1994.0,TA,1,3.0,138000,,xv@gmail.com
110,75.0,9525,Pave,Norm,Norm,1954.0,TA,2,4.0,136900,,slqt@gmail.com
419,65.0,8450,Pave,Norm,Norm,1968.0,TA,1,3.0,142000,,nwkbltsgj@hotmail.com
270,84.0,10728,Pave,Norm,Norm,2006.0,Gd,2,3.0,266000,,meuayg@icloud.com
635,60.0,10896,Pave,Feedr,Norm,1914.0,Fa,2,8.0,200000,,ulu@hotmail.com
1300,,10762,Pave,Norm,Norm,1999.0,Gd,2,3.0,225000,,scwo@gmail.com
408,109.0,14154,Pave,Norm,Norm,2006.0,Gd,2,3.0,280000,,rzgjss@yahoo.com.br
652,70.0,8750,Pave,Norm,Norm,1996.0,Gd,2,2.0,191000,,wbysgykmz@yahoo.com.br
691,104.0,21535,Pave,Norm,Norm,1994.0,Ex,3,4.0,755000,,qnk@icloud.com
321,99.0,12099,Pave,Norm,Norm,2004.0,Gd,2,4.0,354000,,ndyjhe@yahoo.com.br
555,58.0,6380,Pave,Norm,Norm,1922.0,TA,1,2.0,113000,,mbzvwersiyx@gmail.com
90,60.0,7200,Pave,Norm,Norm,1950.0,TA,1,2.0,109900,,zslby@icloud.com
479,50.0,5925,Pave,Norm,Norm,1937.0,TA,1,2.0,89471,,ou@yahoo.com.br
240,75.0,9000,Pave,Norm,Norm,2008.0,Gd,2,3.0,262500,,pa@yahoo.com.br
1250,93.0,11160,Pave,Norm,Norm,1968.0,Gd,2,3.0,244000,,ygyksd@icloud.com
953,,11075,Pave,Norm,Norm,1969.0,TA,2,4.0,172000,,uglskxhd@hotmail.com
1174,80.0,16560,Pave,Norm,Norm,1932.0,TA,2,4.0,239000,,yhunbaxqwjx@gmail.com
110,75.0,9525,Pave,Norm,Norm,1954.0,TA,2,4.0,136900,,slqt@gmail.com
1159,76.0,9120,Pave,Norm,Norm,1974.0,Gd,2,4.0,185000,,xnhnejqpblz@gmail.com
119,65.0,8461,Pave,Norm,Norm,2005.0,Gd,2,3.0,163990,,kuny@hotmail.com
1216,68.0,8930,Pave,RRAe,Norm,1978.0,TA,2,4.0,112000,,henm@yahoo.com.br
479,50.0,5925,Pave,Norm,Norm,1937.0,TA,1,2.0,89471,,ou@yahoo.com.br
599,24.0,1950,Pave,Norm,Norm,,TA,2,3.0,151000,,ehhipveeppjc@yahoo.com.br
981,98.0,12203,Pave,Norm,Norm,1998.0,Gd,2,4.0,336000,,gmtmj@yahoo.com.br
1195,51.0,8029,Pave,Norm,Norm,2005.0,TA,2,3.0,176000,,lu@icloud.com
1122,,8926,Pave,Norm,Norm,1956.0,TA,1,3.0,112000,,awzf@icloud.com
1074,74.0,8556,Pave,Norm,Norm,2006.0,Gd,2,2.0,194000,,ttudpjsjli@icloud.com
302,118.0,13704,Pave,Norm,Norm,2001.0,Gd,2,3.0,205000,,mq@icloud.com
413,56.0,8960,Pave,Artery,Norm,1927.0,TA,1,2.0,115000,,gudvn@icloud.com
986,59.0,5310,Pave,Feedr,Norm,1910.0,TA,1,2.0,117000,,xhnnvbd@gmail.com
308,,12342,Pave,Norm,Norm,1940.0,TA,1,1.0,82500,,qhhqsur@hotmail.com
1188,68.0,8935,Pave,Norm,Norm,2002.0,Gd,2,3.0,195000,,hxourgewn@icloud.com
131,,12224,Pave,Norm,Norm,2000.0,Gd,2,3.0,244000,,azs@yahoo.com.br
384,,53107,Pave,Feedr,Norm,1992.0,Gd,2,3.0,240000,,vrtjsce@icloud.com
1419,,16381,Pave,Norm,Norm,1969.0,Gd,2,3.0,223000,,rgw@gmail.com
176,97.0,10029,Pave,Norm,Norm,1988.0,Gd,2,4.0,211000,,jyegyu@yahoo.com.br
285,35.0,4251,Pave,Norm,Norm,2006.0,Gd,2,2.0,164700,,vtxdihailpr@yahoo.com.br
1172,35.0,4017,Pave,Norm,Norm,2006.0,Gd,2,2.0,171900,,igtawdmmz@icloud.com
105,75.0,9375,Pave,Norm,Norm,2003.0,Gd,2,3.0,250000,,yxpsvfrijcm@icloud.com
991,121.0,17671,Pave,Artery,Norm,1882.0,Gd,1,4.0,168000,,segw@yahoo.com.br
1162,109.0,8724,Pave,Norm,Norm,1968.0,TA,1,3.0,129000,,teysuoh@gmail.com
953,,11075,Pave,Norm,Norm,1969.0,TA,2,4.0,172000,,uglskxhd@hotmail.com
658,78.0,17503,Pave,Artery,Norm,1948.0,TA,1,3.0,97500,,tdohsjlt@yahoo.com.br
721,,4426,Pave,Norm,Norm,2004.0,Gd,1,1.0,143000,,lbdupjwiv@icloud.com
1453,90.0,17217,Pave,Norm,Norm,2006.0,TA,1,3.0,84500,,iewslq@yahoo.com.br
993,68.0,8846,Pave,Norm,Norm,2005.0,TA,2,3.0,173900,,wblpa@hotmail.com
1148,,5700,Pave,Norm,Norm,1926.0,TA,1,2.0,116900,,nbnbryuhq@yahoo.com.br
942,42.0,7711,Pave,Norm,Norm,1977.0,TA,2,4.0,150000,,blhsvqjy@gmail.com
1087,85.0,10574,,Norm,Norm,2005.0,Gd,2,3.0,252000,,opdj@hotmail.com
1249,60.0,7200,Pave,Norm,Norm,1950.0,TA,1,3.0,119000,,icqvoo@yahoo.com.br
1362,,12513,Pave,Feedr,Norm,1920.0,TA,2,4.0,104900,,qxlpwqx@yahoo.com.br
219,43.0,3010,Pave,Norm,Norm,2005.0,Gd,2,2.0,167240,,fhfx@gmail.com
956,24.0,1300,Pave,Norm,Norm,1980.0,TA,1,2.0,124000,,jerdqbolmf@yahoo.com.br
81,32.0,4500,Pave,Norm,Norm,1998.0,TA,2,2.0,153500,,izqkyf@gmail.com
867,85.0,6970,Pave,Feedr,Norm,1961.0,TA,1,3.0,129000,,quxmlksm@gmail.com
147,,9505,,Norm,Norm,2001.0,Gd,2,3.0,222500,,odshssnpaveo@hotmail.com
176,97.0,10029,Pave,Norm,Norm,1988.0,Gd,2,4.0,211000,,jyegyu@yahoo.com.br
1391,65.0,8944,Pave,Norm,Norm,1967.0,TA,2,4.0,124000,,daohfq@yahoo.com.br
927,,9900,Pave,Feedr,Norm,1968.0,TA,2,4.0,176000,,iue@hotmail.com
1131,63.0,10712,Pave,Norm,Norm,1991.0,TA,1,3.0,93500,,yfzpteeo@icloud.com
99,77.0,9320,Pave,Norm,Norm,1959.0,TA,1,3.0,128950,,mmrbz@gmail.com
512,70.0,9100,Pave,Feedr,Norm,1958.0,TA,1,3.0,129900,,rxwg@gmail.com
777,100.0,13350,Pave,Norm,Norm,1974.0,TA,1,3.0,142500,,afjeeq@icloud.com
446,137.0,16492,Pave,PosA,Norm,1966.0,Gd,2,2.0,190000,,xpibipboxd@yahoo.com.br
1182,160.0,15623,Pave,Norm,Norm,1996.0,Gd,3,4.0,745000,,ygdkuupazvpq@gmail.com
546,70.0,8737,Pave,Norm,Norm,1923.0,TA,1,3.0,210000,,ydkofdtxczj@gmail.com
789,,12205,Pave,Norm,Norm,1966.0,TA,2,5.0,187500,,srteswqazvbf@gmail.com
885,50.0,5119,Pave,Norm,Norm,1999.0,Gd,2,2.0,328900,,ar@hotmail.com
1273,124.0,11512,Pave,Norm,Norm,1959.0,TA,1,2.0,177000,,glsg@hotmail.com
485,80.0,9600,Pave,Norm,Norm,1950.0,Gd,1,3.0,147000,,uzo@icloud.com
277,140.0,19138,Pave,Norm,Norm,1951.0,TA,1,2.0,141000,,orgduadmdsmp@gmail.com
2,68.0,11250,Pave,Norm,Norm,2001.0,Gd,2,3.0,223500,,rlskriykwzw@hotmail.com
657,60.0,7200,Pave,Norm,Norm,1931.0,TA,1,3.0,149000,,ekpjvhywxqxp@hotmail.com
1017,,5814,Pave,Norm,Norm,1984.0,Gd,1,1.0,187500,,rfmoi@yahoo.com.br
864,72.0,8640,Pave,Norm,Norm,2007.0,Gd,2,3.0,250580,,mhmnwouyimhx@yahoo.com.br
231,174.0,15138,Pave,Norm,Norm,1995.0,Gd,2,4.0,403000,,qxdstpbgu@hotmail.com
444,70.0,8750,Pave,Norm,Norm,1994.0,Gd,2,4.0,210000,,by@yahoo.com.br
559,,3196,Pave,Norm,Norm,2003.0,Gd,2,2.0,234000,,fwqqyfyc@gmail.com
75,21.0,1596,Pave,Norm,Norm,1973.0,TA,1,2.0,91000,,oeaycuqgsxu@gmail.com
1313,108.0,14774,Pave,Norm,Norm,1999.0,Gd,2,4.0,333168,,lob@yahoo.com.br
757,,11616,,Norm,Norm,1978.0,TA,2,3.0,158900,,pvhae@hotmail.com
804,75.0,9000,Pave,Norm,Norm,1954.0,TA,1,2.0,118000,,wxdmd@gmail.com
722,70.0,8120,,Norm,Norm,1970.0,TA,1,3.0,124500,,snyoybinh@hotmail.com
1419,,16381,Pave,Norm,Norm,1969.0,Gd,2,3.0,223000,,rgw@gmail.com
56,24.0,2645,Pave,Norm,Norm,1999.0,Gd,2,3.0,172500,,hfxnmmyozqw@yahoo.com.br
767,75.0,12508,Pave,Norm,Norm,1940.0,TA,2,4.0,160000,,gvdgfpflxim@icloud.com
770,,7252,Pave,Norm,Norm,1982.0,TA,1,2.0,134900,,yyabbpcam@icloud.com
962,24.0,2308,Pave,Norm,Norm,1976.0,TA,2,3.0,155000,,ias@hotmail.com
241,40.0,3880,Pave,Norm,Norm,1945.0,TA,1,2.0,110500,,snjd@yahoo.com.br
530,85.0,10200,Pave,Norm,Norm,1988.0,Gd,2,3.0,175000,,yvijnqmhs@gmail.com
1408,60.0,7740,Pave,Norm,Norm,1910.0,TA,1,3.0,125500,,prjn@yahoo.com.br
436,40.0,4400,,Norm,Norm,1920.0,TA,1,2.0,116000,,teignhcblzcw@icloud.com
113,,21000,Pave,Norm,Norm,1953.0,TA,2,3.0,217000,,nyxp@gmail.com
249,,159000,Pave,Norm,Norm,1958.0,Gd,2,4.0,277000,,efsyzm@hotmail.com
1215,99.0,7094,Pave,Norm,Norm,1966.0,TA,1,3.0,125000,,wdaxcihlts@gmail.com
60,63.0,13072,Pave,RRAe,Norm,2004.0,TA,1,3.0,158000,,tcn@icloud.com
455,80.0,9600,Pave,Norm,Norm,1973.0,TA,1,3.0,175500,,jbufohha@gmail.com
802,63.0,8199,,Norm,Norm,2005.0,Gd,2,3.0,189000,,ohamhr@hotmail.com
177,,13650,Pave,Norm,Norm,1958.0,Gd,2,4.0,172500,,katbxriuzu@hotmail.com
304,87.0,18386,Pave,Norm,Norm,1880.0,TA,3,3.0,295000,,qrhthvbat@hotmail.com
98,85.0,10625,Pave,Norm,Norm,1920.0,TA,1,2.0,83000,,zrvtf@hotmail.com
1415,51.0,3635,Pave,Norm,Norm,2007.0,Gd,2,1.0,175900,,otlj@gmail.com
531,60.0,6155,Pave,RRNn,Feedr,1920.0,TA,2,3.0,128000,,mklhfm@hotmail.com
433,100.0,10839,Pave,Norm,Norm,1997.0,TA,2,3.0,181000,,ijxwl@icloud.com
313,150.0,215245,Pave,Norm,Norm,1965.0,TA,2,3.0,375000,,mj@icloud.com
230,73.0,8760,Pave,Norm,Norm,1959.0,TA,1,3.0,148000,,xo@hotmail.com
1246,65.0,8125,Pave,Norm,Norm,2005.0,Gd,2,3.0,186500,,rsrwkuzvr@yahoo.com.br
1075,75.0,13125,Pave,Norm,Norm,1940.0,TA,1,3.0,219500,,svhb@hotmail.com
1026,73.0,9300,Pave,Feedr,Norm,1960.0,TA,1,3.0,167500,,wjvdhmr@hotmail.com
416,74.0,7844,Pave,Norm,Norm,1978.0,TA,1,3.0,149500,,fpjctu@yahoo.com.br
804,75.0,9000,Pave,Norm,Norm,1954.0,TA,1,2.0,118000,,wxdmd@gmail.com
97,73.0,10921,Pave,Norm,Norm,1965.0,TA,1,3.0,94750,,ocboekt@gmail.com
1274,53.0,5362,Pave,Norm,Norm,1910.0,TA,2,3.0,139000,,twxvczfreclk@hotmail.com
977,35.0,4274,Pave,Norm,Norm,2006.0,Gd,1,1.0,199900,,uyjckcndm@hotmail.com
726,,21695,Pave,Norm,Norm,1988.0,Gd,2,3.0,222000,,epmg@icloud.com
336,86.0,14157,Pave,Norm,Norm,2005.0,Gd,2,3.0,377426,,ergjlambzxfq@gmail.com
1075,75.0,13125,Pave,Norm,Norm,1940.0,TA,1,3.0,219500,,svhb@hotmail.com
644,85.0,9187,Pave,Norm,Norm,2009.0,Ex,2,2.0,370878,,uhzjahgecfbw@icloud.com
978,68.0,9450,Pave,Norm,Norm,1954.0,TA,1,3.0,110000,,sgy@yahoo.com.br
21,57.0,7449,Pave,Norm,Norm,1930.0,TA,1,3.0,139400,,stipmc@gmail.com
1183,60.0,10800,Pave,Norm,Norm,1920.0,TA,1,2.0,120000,,uw@icloud.com
694,51.0,6120,Pave,Norm,Norm,1936.0,TA,1,3.0,141500,,qs@icloud.com
97,73.0,10921,Pave,Norm,Norm,1965.0,TA,1,3.0,94750,,ocboekt@gmail.com
694,51.0,6120,Pave,Norm,Norm,1936.0,TA,1,3.0,141500,,qs@icloud.com
1060,41.0,4920,,Norm,Norm,2001.0,Gd,2,2.0,213500,,sjskth@hotmail.com
376,57.0,8846,Pave,Norm,Norm,1996.0,Gd,1,2.0,148000,,gen@gmail.com
953,,11075,Pave,Norm,Norm,1969.0,TA,2,4.0,172000,,uglskxhd@hotmail.com
1085,73.0,9069,Pave,Norm,Norm,1992.0,TA,1,2.0,147000,,cpes@hotmail.com
1295,70.0,8400,Pave,Feedr,Norm,1968.0,TA,1,3.0,138500,,svkncjcgy@icloud.com
617,59.0,7227,Pave,Artery,Norm,1954.0,TA,1,2.0,105500,,lgui@yahoo.com.br
866,67.0,10656,,Norm,Norm,2006.0,Gd,2,3.0,248900,,zajp@hotmail.com
1173,138.0,18030,Pave,Norm,Norm,1946.0,TA,3,3.0,200500,,iisyjbzwfd@hotmail.com
1443,,8854,Pave,Norm,Norm,1916.0,TA,1,2.0,121000,,vmj@icloud.com
332,85.0,10655,Pave,Norm,Norm,2003.0,Gd,2,3.0,284000,,ajnsmgf@hotmail.com
1020,60.0,7024,Pave,Norm,Norm,2005.0,TA,1,2.0,176000,,lnzenhx@gmail.com
684,58.0,16770,Pave,Norm,Norm,1998.0,Gd,2,4.0,221000,,siosjormu@icloud.com
1175,85.0,10678,Pave,Norm,Norm,1992.0,Gd,2,4.0,285000,,qu@gmail.com
5,85.0,14115,Pave,Norm,Norm,1993.0,TA,1,1.0,143000,,jjoep@hotmail.com
993,68.0,8846,Pave,Norm,Norm,2005.0,TA,2,3.0,173900,,wblpa@hotmail.com
106,60.0,10800,Pave,Norm,Norm,1885.0,TA,1,2.0,100000,,xvbqhfte@gmail.com
1222,78.0,10496,Pave,Artery,Norm,1949.0,TA,2,3.0,143000,,obdiojc@hotmail.com
1024,,15498,Pave,Norm,Norm,1976.0,Gd,2,2.0,287000,,jkquhv@yahoo.com.br
130,88.0,14200,Pave,Norm,Norm,1966.0,TA,2,4.0,226000,,oddqsfaqaw@gmail.com
1079,65.0,8775,,Norm,Norm,1994.0,TA,1,3.0,126000,,gmclinnlqalh@yahoo.com.br
708,65.0,9018,,Norm,Norm,2007.0,Gd,2,3.0,179540,,zgxochcsg@gmail.com
201,75.0,10125,,Norm,Norm,1977.0,TA,2,3.0,171500,,dqnvmg@yahoo.com.br
502,70.0,9170,Pave,Feedr,Norm,1965.0,TA,1,2.0,140000,,th@hotmail.com
549,75.0,9375,Pave,Norm,Norm,2003.0,Gd,2,4.0,263000,,iyeo@gmail.com
666,,18450,Pave,Norm,Norm,1965.0,TA,2,3.0,129000,,pktszlbevka@hotmail.com
346,,12772,Pave,Norm,Norm,1960.0,TA,1,2.0,151500,,kj@hotmail.com
1256,91.0,14303,,Norm,Norm,1994.0,Gd,2,2.0,301500,,rsfj@gmail.com
302,118.0,13704,Pave,Norm,Norm,2001.0,Gd,2,3.0,205000,,mq@icloud.com
1195,51.0,8029,Pave,Norm,Norm,2005.0,TA,2,3.0,176000,,lu@icloud.com
977,35.0,4274,Pave,Norm,Norm,2006.0,Gd,1,1.0,199900,,uyjckcndm@hotmail.com
487,70.0,12243,Pave,Norm,Norm,1971.0,TA,2,3.0,175000,,snxomuf@yahoo.com.br
267,60.0,8400,Pave,Norm,Norm,1939.0,TA,2,4.0,179500,,yqqzaw@yahoo.com.br
386,58.0,8410,Pave,Feedr,Norm,1910.0,TA,1,5.0,81000,,bdk@hotmail.com
553,67.0,8777,Pave,Feedr,Norm,1949.0,TA,2,2.0,108000,,qlgfsbutmv@icloud.com
1015,70.0,8400,Pave,Norm,Norm,2001.0,Gd,2,3.0,227000,,pbnp@icloud.com
49,66.0,7742,Pave,Norm,Norm,1966.0,TA,1,3.0,127000,,xxpixyavo@gmail.com
1199,75.0,11235,Pave,Norm,Norm,1963.0,TA,1,3.0,148000,,umilxxcdlcd@gmail.com
227,21.0,1869,Pave,Norm,Norm,1970.0,TA,1,2.0,106000,,erv@yahoo.com.br
1045,,13680,Pave,Norm,Norm,1955.0,TA,2,4.0,139600,,hnrloxffpspi@yahoo.com.br
735,60.0,10800,Pave,Norm,Norm,1914.0,TA,1,2.0,163000,,mwmpuss@gmail.com
336,86.0,14157,Pave,Norm,Norm,2005.0,Gd,2,3.0,377426,,ergjlambzxfq@gmail.com
1219,21.0,1680,,Norm,Norm,1971.0,TA,1,3.0,91500,,racyximbwfe@icloud.com
876,94.0,25286,Pave,Norm,Norm,1963.0,TA,1,3.0,132250,,rcwt@icloud.com
1149,50.0,9000,,Artery,Norm,1920.0,TA,1,3.0,143000,,nborpuekh@yahoo.com.br
433,100.0,10839,Pave,Norm,Norm,1997.0,TA,2,3.0,181000,,ijxwl@icloud.com
1446,,26142,,Norm,Norm,1962.0,TA,1,3.0,157900,,zjeizqjpso@yahoo.com.br
656,72.0,10007,Pave,Norm,Norm,1959.0,Gd,1,3.0,145500,,awyeatdbnyzr@gmail.com
530,85.0,10200,Pave,Norm,Norm,1988.0,Gd,2,3.0,175000,,yvijnqmhs@gmail.com
297,66.0,7399,Pave,Norm,Norm,1997.0,Gd,2,3.0,239000,,okk@gmail.com
357,44.0,4224,,Norm,Norm,1976.0,TA,1,3.0,134000,,fqwpqheimvht@gmail.com
290,120.0,15611,Pave,Norm,Norm,2006.0,Gd,2,3.0,233230,,pze@hotmail.com
206,40.0,13673,Pave,RRAe,Norm,1962.0,TA,1,3.0,143900,,uummqxdmlfgu@yahoo.com.br
1109,107.0,11362,Pave,Norm,Norm,2004.0,Gd,2,3.0,280000,,kquarkmj@hotmail.com
1310,100.0,17500,,PosA,Norm,1959.0,Gd,2,3.0,335000,,iaodw@yahoo.com.br
605,85.0,13600,Pave,Norm,Norm,1965.0,TA,2,3.0,205000,,ymcoqmpbgprz@gmail.com
924,79.0,10240,Pave,Norm,Norm,1980.0,TA,2,3.0,207500,,qdtb@gmail.com
717,80.0,10000,Pave,Norm,Norm,1973.0,TA,1,3.0,157000,,hdb@yahoo.com.br
965,65.0,10237,Pave,RRAn,Norm,2005.0,Gd,2,3.0,178900,,hgon@icloud.com
960,50.0,7207,Pave,Norm,Norm,1958.0,TA,1,2.0,116500,,xhxzuo@hotmail.com
1319,75.0,10215,,Norm,Norm,1954.0,TA,1,3.0,111000,,rahgwq@icloud.com
1368,,4435,Pave,Norm,Norm,2003.0,Gd,1,1.0,144000,,jkau@gmail.com
809,90.0,8100,Pave,Norm,Norm,1898.0,TA,2,2.0,106000,,xypoxfskianz@yahoo.com.br
1269,78.0,11344,Pave,Feedr,Norm,1958.0,TA,1,3.0,144000,,jucndmtrgg@hotmail.com
677,52.0,9022,Pave,Norm,Norm,1924.0,Gd,1,2.0,109500,,pjjdm@icloud.com
751,,7750,Pave,RRAn,Norm,2003.0,Gd,2,,162000,,nt@yahoo.com.br
520,60.0,10800,Pave,Norm,Norm,1900.0,TA,2,,106250,,gl@gmail.com
903,50.0,14859,Pave,Norm,Norm,2006.0,Gd,2,3.0,240000,,fgpwophvfkm@yahoo.com.br
1069,60.0,9600,Pave,Norm,Norm,1949.0,TA,1,2.0,135000,,xploraxgcklf@icloud.com
1124,,9125,Pave,Norm,Norm,1992.0,TA,2,3.0,163900,,iesvwccvgrw@yahoo.com.br
1346,,20781,Pave,PosN,Norm,1968.0,TA,2,3.0,262500,,vmvplqroj@yahoo.com.br
688,60.0,8089,Pave,Norm,Norm,2007.0,Gd,2,2.0,392000,,oa@yahoo.com.br
25,110.0,14230,Pave,Norm,Norm,2007.0,Gd,2,3.0,256300,,iphcfibchzkm@gmail.com
858,80.0,10400,Pave,Norm,Norm,1976.0,TA,2,3.0,152000,,bqyrqgfn@hotmail.com
1139,98.0,8731,Pave,Norm,Norm,1920.0,TA,1,3.0,144000,,kvpy@gmail.com
355,105.0,11249,Pave,Norm,Norm,1995.0,Gd,2,3.0,177500,,teq@icloud.com
832,44.0,9548,Pave,Norm,Norm,2003.0,Gd,2,3.0,237000,,ahcsfkzbyi@hotmail.com
1073,75.0,7950,Pave,Norm,Norm,1977.0,TA,1,,159500,,yfk@hotmail.com
940,55.0,12640,Pave,Norm,Norm,1976.0,TA,2,4.0,150900,,eel@yahoo.com.br
15,51.0,6120,Pave,Norm,Norm,1929.0,TA,1,2.0,132000,,dmfez@gmail.com
748,59.0,10593,Pave,Norm,Norm,1996.0,Gd,2,3.0,260400,,nqpvhy@gmail.com
853,,12095,Pave,Norm,Norm,1964.0,TA,1,3.0,158000,,tltsukp@gmail.com
841,60.0,10440,Pave,Norm,Norm,1904.0,TA,2,3.0,157500,,kvdgrdht@yahoo.com.br
1124,,9125,Pave,Norm,Norm,1992.0,TA,2,3.0,163900,,iesvwccvgrw@yahoo.com.br
1455,62.0,7917,Pave,Norm,Norm,1999.0,TA,2,,175000,,chtcawrwriby@yahoo.com.br
448,50.0,8600,Pave,Norm,Norm,1937.0,TA,2,3.0,119500,,dzfrllbfxeof@hotmail.com
13,91.0,10652,Pave,Norm,Norm,2006.0,Gd,2,3.0,279500,,ohkz@yahoo.com.br
869,80.0,9938,Pave,Norm,Norm,1993.0,Gd,2,3.0,236000,,hioemhgogpp@gmail.com
1288,40.0,5664,Pave,Norm,Norm,2000.0,Gd,2,2.0,278000,,npykkmhd@hotmail.com
558,57.0,21872,Pave,Norm,Norm,1996.0,TA,2,3.0,175000,,hlo@icloud.com
1274,53.0,5362,Pave,Norm,Norm,1910.0,TA,2,3.0,139000,,twxvczfreclk@hotmail.com
535,70.0,7000,Pave,Norm,Norm,1910.0,TA,1,3.0,107500,,hjnryhzhoxm@hotmail.com
479,50.0,5925,Pave,Norm,Norm,1937.0,TA,1,2.0,89471,,ou@yahoo.com.br
566,77.0,11198,Pave,Norm,Norm,2005.0,Gd,2,4.0,325000,,ffdueawprt@yahoo.com.br
218,,15660,Pave,Norm,Norm,1939.0,Gd,1,,311500,,ygxdkkunt@icloud.com
927,,9900,Pave,Feedr,Norm,1968.0,TA,2,4.0,176000,,iue@hotmail.com
954,35.0,9400,Pave,Norm,Norm,1975.0,TA,2,4.0,127500,,htmduzify@gmail.com
380,50.0,5000,,Norm,Norm,1924.0,TA,2,3.0,127000,,clgtpepk@hotmail.com
1060,41.0,4920,,Norm,Norm,2001.0,Gd,2,2.0,213500,,sjskth@hotmail.com
842,82.0,9020,Pave,Norm,Norm,1966.0,TA,1,3.0,174900,,xnlokjz@gmail.com
957,70.0,7420,Pave,Norm,Norm,1962.0,TA,1,3.0,132000,,vjcwjjfxxbh@icloud.com
1043,86.0,11839,Pave,Norm,Norm,1990.0,TA,2,4.0,262280,,wo@yahoo.com.br
1230,,18890,,Feedr,RRAe,1977.0,TA,2,4.0,190000,,luyn@gmail.com
544,58.0,17104,Pave,Norm,Norm,2006.0,Gd,2,3.0,179665,,adygrkag@gmail.com
159,134.0,19378,Pave,Norm,Norm,2005.0,Gd,2,4.0,320000,,vdyyrebp@hotmail.com
1175,85.0,10678,Pave,Norm,Norm,1992.0,Gd,2,4.0,285000,,qu@gmail.com
1219,21.0,1680,,Norm,Norm,1971.0,TA,1,3.0,91500,,racyximbwfe@icloud.com
1406,70.0,8445,,Norm,Norm,1972.0,TA,1,2.0,133000,,senelhksyfo@icloud.com
1417,,16545,Pave,Norm,Norm,1998.0,Gd,2,3.0,340000,,emkkm@icloud.com
497,60.0,9120,Pave,Norm,Norm,1925.0,TA,2,4.0,184000,,tlvmx@gmail.com
409,85.0,10800,Pave,Norm,Norm,2007.0,Gd,2,3.0,339750,,dlvlwj@icloud.com
545,,13837,Pave,Norm,Norm,1988.0,Gd,2,,229000,,qmt@hotmail.com
1367,41.0,2665,Pave,Norm,Norm,1977.0,TA,2,4.0,127000,,qhigrke@hotmail.com
1392,68.0,7838,Pave,Norm,Norm,1967.0,TA,1,3.0,123000,,dmovknpr@gmail.com
196,79.0,9416,Pave,Norm,Norm,2007.0,Ex,2,3.0,311872,,czfuzuv@hotmail.com
344,36.0,2592,Pave,Norm,Norm,1976.0,TA,1,3.0,85000,,hvwxjuleecky@hotmail.com
197,174.0,25419,,Artery,Norm,1918.0,Gd,2,4.0,235000,,clbqlox@gmail.com
910,80.0,11600,Pave,Feedr,Norm,1960.0,TA,2,5.0,154300,,jd@icloud.com
491,79.0,9490,Pave,Artery,Norm,1941.0,TA,1,3.0,133000,,ptuutmdtu@hotmail.com
550,53.0,4043,Pave,Norm,Norm,1977.0,TA,2,2.0,140000,,finicf@gmail.com
1406,70.0,8445,,Norm,Norm,1972.0,TA,1,2.0,133000,,senelhksyfo@icloud.com
1079,65.0,8775,,Norm,Norm,1994.0,TA,1,3.0,126000,,gmclinnlqalh@yahoo.com.br
702,82.0,12438,Pave,Norm,Norm,2006.0,Ex,2,4.0,361919,,ivdcq@yahoo.com.br
643,80.0,10793,Pave,RRAn,Norm,1969.0,TA,2,4.0,152000,,yxbmup@hotmail.com
369,,9830,Pave,Norm,Norm,1959.0,TA,1,3.0,162000,,pzrq@yahoo.com.br
842,82.0,9020,Pave,Norm,Norm,1966.0,TA,1,3.0,174900,,xnlokjz@gmail.com
1000,74.0,10206,Pave,Norm,Norm,1952.0,TA,1,2.0,82000,,tm@gmail.com
694,51.0,6120,Pave,Norm,Norm,1936.0,TA,1,3.0,141500,,qs@icloud.com
241,40.0,3880,Pave,Norm,Norm,1945.0,TA,1,2.0,110500,,snjd@yahoo.com.br
1199,75.0,11235,Pave,Norm,Norm,1963.0,TA,1,3.0,148000,,umilxxcdlcd@gmail.com
1004,43.0,3182,Pave,Norm,Norm,2005.0,Gd,2,1.0,181000,,ysypdg@yahoo.com.br
1390,70.0,9100,Pave,Norm,Norm,2000.0,Gd,2,3.0,235000,,yuhbefivre@hotmail.com
969,75.0,10382,,Norm,Norm,1958.0,TA,1,2.0,140000,,khq@gmail.com
216,65.0,8450,Pave,Norm,Norm,2004.0,Gd,2,3.0,210000,,zfurvb@icloud.com
1003,,11500,Pave,Feedr,RRAn,1976.0,TA,2,4.0,136905,,yknw@hotmail.com
143,78.0,10335,Pave,Norm,Norm,1999.0,Gd,2,3.0,204000,,mtsrn@hotmail.com
3,60.0,9550,,Norm,Norm,1915.0,TA,1,3.0,140000,,kaomcr@yahoo.com.br
1441,,4426,Pave,Norm,Norm,2004.0,Gd,1,1.0,149300,,dpzknlanyrt@icloud.com
663,90.0,10012,Pave,Norm,Norm,1972.0,TA,2,3.0,137500,,gxuhxcz@gmail.com
335,,164660,Grvl,Norm,Norm,1965.0,TA,2,3.0,228950,,qd@gmail.com
1155,90.0,10768,Pave,Norm,Norm,1976.0,Gd,2,3.0,218000,,bcorik@gmail.com
1381,,12925,Pave,Norm,Norm,1970.0,TA,2,4.0,237500,,khldo@yahoo.com.br
739,65.0,9313,Pave,Norm,Norm,2004.0,Gd,2,3.0,190000,,lqmhswzkac@gmail.com
1107,168.0,23257,Pave,Norm,Norm,2006.0,Gd,2,3.0,274725,,lnvlam@hotmail.com
396,60.0,7200,Pave,Norm,Norm,1972.0,TA,1,2.0,123000,,ymgpomnvzqxw@hotmail.com
445,73.0,9855,,Norm,Norm,1956.0,TA,1,,127500,,qjqdfleuycv@yahoo.com.br
965,65.0,10237,Pave,RRAn,Norm,2005.0,Gd,2,3.0,178900,,hgon@icloud.com
1199,75.0,11235,Pave,Norm,Norm,1963.0,TA,1,3.0,148000,,umilxxcdlcd@gmail.com
1191,24.0,2645,,Norm,Norm,1999.0,Gd,2,2.0,174000,,uxavvb@icloud.com
278,107.0,14450,Pave,Norm,Norm,2006.0,Ex,2,3.0,415298,,osisu@gmail.com
1140,60.0,7350,Pave,Norm,Norm,1951.0,TA,1,2.0,139000,,fupxgxzkblvq@yahoo.com.br
781,65.0,7153,Pave,Norm,Norm,1992.0,Gd,2,3.0,175900,,kfftqvkvlx@yahoo.com.br
1338,95.0,13450,Pave,Norm,Norm,2002.0,Gd,2,3.0,200000,,gwuidfs@yahoo.com.br
1023,43.0,3182,Pave,Norm,Norm,,Gd,2,2.0,191000,,gwlt@hotmail.com
1435,80.0,8400,Pave,Norm,Norm,1962.0,Gd,1,3.0,174000,,cymkyaimw@icloud.com
950,60.0,7200,Pave,Norm,Norm,1950.0,TA,1,3.0,129000,,vpluvbvwob@yahoo.com.br
370,,8121,Pave,Norm,Norm,2000.0,TA,2,3.0,172400,,jwcugfogz@gmail.com
1278,75.0,9473,Pave,Norm,Norm,2002.0,Gd,2,3.0,237000,,hnje@yahoo.com.br
716,60.0,10800,Pave,Norm,Norm,1890.0,TA,1,3.0,159500,,cqgvx@hotmail.com
1316,61.0,10226,Pave,Norm,Norm,2008.0,Gd,2,3.0,295493,,mpjrnsopozw@gmail.com
1274,53.0,5362,Pave,Norm,Norm,1910.0,TA,2,3.0,139000,,twxvczfreclk@hotmail.com
700,85.0,14331,Pave,Norm,Norm,2002.0,Gd,2,3.0,312500,,bd@gmail.com
1322,107.0,10186,Pave,Norm,Norm,1992.0,Gd,2,3.0,190000,,wqxeuk@hotmail.com
953,,11075,Pave,Norm,Norm,1969.0,TA,2,4.0,172000,,uglskxhd@hotmail.com
1057,,29959,Pave,Norm,Norm,1994.0,Gd,2,3.0,248000,,qbpevf@hotmail.com
887,59.0,16466,Pave,Norm,Norm,1955.0,TA,1,3.0,135500,,onnodvcs@gmail.com
1428,60.0,7200,Pave,Norm,Norm,1940.0,TA,1,2.0,119000,,pcj@gmail.com
482,50.0,2500,Pave,Norm,Norm,1915.0,Gd,1,4.0,155000,,qecxlfy@hotmail.com
96,78.0,10264,Pave,Norm,Norm,1999.0,Gd,2,3.0,214000,,mqqybjtc@gmail.com
194,60.0,7180,Pave,Norm,Norm,1972.0,TA,1,3.0,127000,,dh@icloud.com
1045,,13680,Pave,Norm,Norm,1955.0,TA,2,4.0,139600,,hnrloxffpspi@yahoo.com.br
13,91.0,10652,Pave,Norm,Norm,2006.0,Gd,2,3.0,279500,,ohkz@yahoo.com.br
19,70.0,7560,Pave,Norm,Norm,1958.0,TA,1,3.0,139000,,knelh@hotmail.com
205,99.0,11851,Pave,Norm,Norm,1990.0,TA,2,3.0,180500,,iy@hotmail.com
912,51.0,6120,Pave,Norm,Norm,1925.0,TA,1,3.0,88000,,tn@gmail.com
97,73.0,10921,Pave,Norm,Norm,1965.0,TA,1,3.0,94750,,ocboekt@gmail.com
1327,60.0,6600,Pave,Norm,Norm,1982.0,Gd,1,3.0,130500,,ynqdhiukvnmu@hotmail.com
251,44.0,4750,Pave,Norm,Norm,2006.0,Gd,2,2.0,235000,,bxsjixy@icloud.com
486,79.0,10289,Pave,Norm,Norm,1965.0,TA,1,3.0,156000,,vkggm@icloud.com
503,100.0,15602,Pave,Norm,Norm,1959.0,TA,2,1.0,289000,,uuksmwtrp@icloud.com
433,100.0,10839,Pave,Norm,Norm,1997.0,TA,2,3.0,181000,,ijxwl@icloud.com
455,80.0,9600,Pave,Norm,Norm,1973.0,TA,1,3.0,175500,,jbufohha@gmail.com
1352,50.0,6000,Pave,Norm,Norm,1937.0,Gd,1,2.0,134900,,qigmtn@hotmail.com
1029,21.0,1680,Pave,Norm,Norm,1972.0,TA,1,,118000,,cyjno@yahoo.com.br
622,71.0,7064,Pave,Norm,Norm,1977.0,TA,1,3.0,135000,,fpoqa@hotmail.com
225,21.0,1680,Pave,Norm,Norm,1971.0,TA,2,3.0,112000,,exazbbmk@gmail.com
386,58.0,8410,Pave,Feedr,Norm,1910.0,TA,1,5.0,81000,,bdk@hotmail.com
343,63.0,8849,,Norm,Norm,2005.0,Ex,2,2.0,266000,,yeecuthai@hotmail.com
378,88.0,11394,Pave,Norm,Norm,2010.0,Gd,1,1.0,394432,,vjt@icloud.com
69,81.0,15593,Pave,Norm,Norm,1953.0,Gd,2,3.0,225000,,xmvurpehuy@hotmail.com
215,72.0,10011,Pave,Norm,Norm,1957.0,TA,1,2.0,134450,,qqekmiml@yahoo.com.br
505,60.0,7596,,Artery,Norm,1952.0,TA,2,4.0,124500,,kgvdkzuwz@gmail.com
1184,50.0,35133,Grvl,Norm,Norm,1963.0,TA,1,3.0,186700,,xpzmxda@yahoo.com.br
1251,,3136,Pave,Norm,Norm,2003.0,Gd,2,2.0,171750,,qirkxa@yahoo.com.br
789,,12205,Pave,Norm,Norm,1966.0,TA,2,5.0,187500,,srteswqazvbf@gmail.com
98,85.0,10625,Pave,Norm,Norm,1920.0,TA,1,2.0,83000,,zrvtf@hotmail.com
991,121.0,17671,Pave,Artery,Norm,1882.0,Gd,1,4.0,168000,,segw@yahoo.com.br
220,73.0,8990,Pave,Norm,Norm,2006.0,Gd,2,2.0,204900,,iclnunybam@gmail.com
888,95.0,15865,Pave,Norm,Norm,1970.0,Gd,2,4.0,268000,,lihlluwddw@yahoo.com.br
483,32.0,4500,Pave,Norm,Norm,1998.0,TA,2,2.0,164000,,mreq@icloud.com
1396,,57200,Pave,Norm,Norm,1948.0,TA,1,3.0,160000,,fwrq@hotmail.com
426,,12800,,Norm,Norm,1989.0,Gd,2,2.0,275000,,uz@yahoo.com.br
565,66.0,6858,Pave,Norm,Norm,1915.0,TA,1,4.0,128000,,davbpudu@hotmail.com
1186,107.0,10615,Pave,Artery,Artery,1900.0,TA,2,3.0,95000,,jswk@yahoo.com.br
623,,2117,Pave,Norm,Norm,2000.0,Gd,2,2.0,168500,,fqmnjcvrjitp@icloud.com
442,52.0,6240,Pave,Norm,Norm,1930.0,TA,2,3.0,162900,,slnjy@hotmail.com
987,83.0,10159,Pave,Norm,Norm,2009.0,Ex,2,3.0,395192,,ceu@icloud.com
216,65.0,8450,Pave,Norm,Norm,2004.0,Gd,2,3.0,210000,,zfurvb@icloud.com
543,34.0,4058,Pave,Norm,Norm,1998.0,TA,1,1.0,133000,,kpjpar@gmail.com
957,70.0,7420,Pave,Norm,Norm,1962.0,TA,1,3.0,132000,,vjcwjjfxxbh@icloud.com
1249,60.0,7200,Pave,Norm,Norm,1950.0,TA,1,3.0,119000,,icqvoo@yahoo.com.br
1352,50.0,6000,Pave,Norm,Norm,1937.0,Gd,1,2.0,134900,,qigmtn@hotmail.com
454,63.0,9297,Pave,Norm,Norm,1976.0,TA,2,4.0,188000,,hbgthngzkq@icloud.com
962,24.0,2308,Pave,Norm,Norm,1976.0,TA,2,3.0,155000,,ias@hotmail.com
1428,60.0,7200,Pave,Norm,Norm,1940.0,TA,1,2.0,119000,,pcj@gmail.com
941,,8755,Pave,RRNn,Norm,1999.0,Gd,2,3.0,214000,,admaphudoc@yahoo.com.br
1395,88.0,12665,Pave,Norm,Norm,2005.0,Gd,2,4.0,281213,,gvgvw@yahoo.com.br
355,105.0,11249,Pave,Norm,Norm,1995.0,Gd,2,3.0,177500,,teq@icloud.com
364,,18800,Pave,Norm,Norm,1976.0,TA,2,3.0,190000,,ddgwc@hotmail.com
428,64.0,6762,Pave,Norm,Norm,2007.0,Gd,2,2.0,195400,,cltian@yahoo.com.br
827,65.0,8529,Pave,Norm,Norm,2001.0,Gd,2,3.0,189000,,xpzkc@icloud.com
713,60.0,9873,Pave,RRAn,Norm,1970.0,TA,1,3.0,129000,,javhecfgq@yahoo.com.br
323,49.0,5820,Pave,Norm,Norm,1955.0,TA,1,3.0,126175,,autvogpoj@icloud.com
466,85.0,10628,Pave,Norm,Norm,1970.0,TA,1,2.0,167000,,ayisnl@icloud.com
812,66.0,8712,Grvl,Norm,Norm,1952.0,Fa,1,2.0,55993,,kitlhz@gmail.com
1149,50.0,9000,,Artery,Norm,1920.0,TA,1,3.0,143000,,nborpuekh@yahoo.com.br
675,24.0,2289,Pave,Norm,Norm,1978.0,TA,2,3.0,148500,,ygpw@yahoo.com.br
810,78.0,10140,Pave,Norm,Norm,1974.0,TA,1,3.0,181000,,hqlyeeuhtazo@gmail.com
530,85.0,10200,Pave,Norm,Norm,1988.0,Gd,2,3.0,175000,,yvijnqmhs@gmail.com
52,110.0,8472,Grvl,RRNn,Norm,1963.0,Fa,1,2.0,110000,,quad@gmail.com
716,60.0,10800,Pave,Norm,Norm,1890.0,TA,1,3.0,159500,,cqgvx@hotmail.com
220,73.0,8990,Pave,Norm,Norm,2006.0,Gd,2,2.0,204900,,iclnunybam@gmail.com
137,82.0,11070,Pave,Norm,Norm,1988.0,TA,3,5.0,171000,,irvkmlkwrdhh@hotmail.com
423,80.0,9200,Pave,Norm,Norm,1998.0,Gd,2,4.0,315000,,ptiux@icloud.com
1075,75.0,13125,Pave,Norm,Norm,1940.0,TA,1,3.0,219500,,svhb@hotmail.com
419,65.0,8450,Pave,Norm,Norm,1968.0,TA,1,3.0,142000,,nwkbltsgj@hotmail.com
944,,14375,,Norm,Norm,1958.0,TA,1,3.0,137500,,uxhmiozn@gmail.com
1270,,23595,Pave,Norm,Norm,1979.0,Gd,-1,0.0,260000,,lhilsw@gmail.com
966,130.0,9600,Pave,Norm,Norm,1940.0,Gd,1,2.0,160000,,fy@hotmail.com
696,50.0,6000,Pave,Norm,Norm,1921.0,TA,1,,89000,,wh@hotmail.com
92,80.0,13360,Pave,Norm,Norm,1921.0,TA,1,2.0,163500,,xvkn@gmail.com
1223,89.0,10680,,Norm,Norm,1951.0,TA,2,4.0,137900,,vio@icloud.com
504,24.0,2308,Pave,Norm,Norm,1974.0,TA,2,3.0,147000,,eagjqaykv@gmail.com
11,85.0,11924,Pave,Norm,Norm,2005.0,Ex,3,4.0,345000,,tpuuqihbyctu@hotmail.com
1377,60.0,10998,Pave,Norm,Norm,1941.0,TA,2,3.0,117000,,jvm@hotmail.com
1024,,15498,Pave,Norm,Norm,1976.0,Gd,2,2.0,287000,,jkquhv@yahoo.com.br
1212,50.0,9340,Pave,Norm,Norm,1941.0,TA,1,2.0,113000,,xkkxxkvk@hotmail.com
707,48.0,6240,Pave,Norm,Norm,2006.0,Gd,2,,254000,,rrpnckctqj@hotmail.com
1051,103.0,11175,Pave,Norm,Norm,2007.0,Gd,2,3.0,200141,,apvuyxz@yahoo.com.br
1308,100.0,12000,Pave,Norm,Norm,1948.0,TA,1,2.0,147000,,yagln@hotmail.com
1326,70.0,4270,Pave,Norm,Norm,1931.0,TA,1,3.0,79000,,siitah@hotmail.com
792,92.0,9920,Pave,Norm,Norm,1996.0,Gd,2,3.0,269790,,rfcii@yahoo.com.br
841,60.0,10440,Pave,Norm,Norm,1904.0,TA,2,3.0,157500,,kvdgrdht@yahoo.com.br
1063,50.0,6000,Pave,Artery,Norm,1925.0,TA,1,2.0,110500,,rpxx@yahoo.com.br
26,60.0,7200,Pave,Norm,Norm,1951.0,TA,1,3.0,134800,,tfh@icloud.com
712,40.0,4671,Pave,Norm,Norm,1988.0,Gd,2,2.0,189000,,wcuchcxwtt@gmail.com
645,,10530,Pave,Norm,Norm,1971.0,TA,1,3.0,143250,,eoxqtcfhlyc@hotmail.com
511,40.0,6792,Pave,Norm,Norm,2005.0,Gd,2,2.0,202665,,vcmx@hotmail.com
123,55.0,7892,,Norm,Norm,1993.0,Gd,2,2.0,153900,,rvydwqxdaplh@yahoo.com.br
744,41.0,5395,Pave,Norm,Norm,1993.0,Gd,2,2.0,180000,,myq@gmail.com
253,85.0,9350,Pave,Norm,Norm,1964.0,TA,2,3.0,158000,,vhcmrsoiot@yahoo.com.br
270,84.0,10728,Pave,Norm,Norm,2006.0,Gd,2,3.0,266000,,meuayg@icloud.com
1355,102.0,10192,Pave,Norm,Norm,1968.0,TA,3,4.0,170000,,xfdmyn@gmail.com
1409,46.0,20544,Pave,Norm,Norm,1986.0,TA,2,3.0,215000,,nxktcps@yahoo.com.br
318,90.0,9900,Pave,Norm,Norm,1993.0,Gd,2,4.0,260000,,qxczzrgpmi@yahoo.com.br
484,,7758,Pave,Norm,Norm,1962.0,TA,1,3.0,132500,,uxdinfzz@yahoo.com.br
1375,89.0,10991,Pave,Norm,Norm,2007.0,Gd,2,3.0,239000,,chwry@icloud.com
726,,21695,Pave,Norm,Norm,1988.0,Gd,2,3.0,222000,,epmg@icloud.com
324,96.0,11275,Pave,PosN,Norm,1967.0,Gd,2,5.0,242000,,ummx@icloud.com
866,67.0,10656,,Norm,Norm,2006.0,Gd,2,3.0,248900,,zajp@hotmail.com
1268,,14100,,Norm,Norm,1935.0,TA,3,4.0,381000,,wpczxvdntya@gmail.com
1084,,13031,Pave,Norm,Norm,1995.0,TA,2,3.0,187500,,yhxjsvhw@hotmail.com
1140,60.0,7350,Pave,Norm,Norm,1951.0,TA,1,2.0,139000,,fupxgxzkblvq@yahoo.com.br
795,70.0,8400,Pave,Norm,Norm,1980.0,TA,2,3.0,171000,,rsszffecqkif@icloud.com
1184,50.0,35133,Grvl,Norm,Norm,1963.0,TA,1,3.0,186700,,xpzmxda@yahoo.com.br
158,100.0,12552,Pave,Norm,Norm,2004.0,Gd,2,3.0,254900,,iitmkp@icloud.com
869,80.0,9938,Pave,Norm,Norm,1993.0,Gd,2,3.0,236000,,hioemhgogpp@gmail.com
270,84.0,10728,Pave,Norm,Norm,2006.0,Gd,2,3.0,266000,,meuayg@icloud.com
1124,,9125,Pave,Norm,Norm,1992.0,TA,2,3.0,163900,,iesvwccvgrw@yahoo.com.br
44,70.0,7945,Pave,Norm,Norm,1959.0,TA,1,3.0,141000,,fxcu@gmail.com
860,55.0,7642,Pave,Norm,Norm,1918.0,Gd,1,3.0,189950,,kftzhcjrx@gmail.com
181,54.0,7588,Pave,Norm,Norm,1920.0,TA,1,4.0,200100,,gjqnc@gmail.com
651,60.0,9084,Pave,Artery,Norm,1940.0,TA,1,4.0,108000,,vczqdf@yahoo.com.br
1327,60.0,6600,Pave,Norm,Norm,1982.0,Gd,1,3.0,130500,,ynqdhiukvnmu@hotmail.com
1346,,20781,Pave,PosN,Norm,1968.0,TA,2,3.0,262500,,vmvplqroj@yahoo.com.br
966,130.0,9600,Pave,Norm,Norm,1940.0,Gd,1,2.0,160000,,fy@hotmail.com
592,60.0,6600,Pave,Norm,Norm,1982.0,TA,1,2.0,138000,,lqqdcinhszd@hotmail.com
903,50.0,14859,Pave,Norm,Norm,2006.0,Gd,2,3.0,240000,,fgpwophvfkm@yahoo.com.br
1342,,9375,,Norm,Norm,2002.0,Gd,2,3.0,228500,,nonmiwz@icloud.com
1087,85.0,10574,,Norm,Norm,2005.0,Gd,2,3.0,252000,,opdj@hotmail.com
113,,21000,Pave,Norm,Norm,1953.0,TA,2,3.0,217000,,nyxp@gmail.com
807,144.0,21384,Pave,Norm,Norm,1923.0,TA,1,3.0,223500,,la@gmail.com
281,60.0,7200,Pave,Norm,Norm,2006.0,Gd,2,2.0,185000,,yqgmomz@hotmail.com
344,36.0,2592,Pave,Norm,Norm,1976.0,TA,1,3.0,85000,,hvwxjuleecky@hotmail.com
510,75.0,14559,Pave,Norm,Norm,1951.0,Gd,1,2.0,164900,,zyzuij@hotmail.com
530,85.0,10200,Pave,Norm,Norm,1988.0,Gd,2,3.0,175000,,yvijnqmhs@gmail.com
10,70.0,11200,,Norm,Norm,1965.0,TA,1,3.0,129500,,hdwsmqted@gmail.com
425,60.0,3378,Pave,Norm,Norm,1946.0,TA,1,3.0,135000,,ocpnjkcgfkn@yahoo.com.br
204,50.0,3500,Pave,Norm,Norm,1947.0,TA,1,2.0,110000,,dhn@gmail.com
1106,114.0,10357,Pave,Feedr,Norm,1990.0,Gd,2,3.0,179900,,btkvjpzazl@gmail.com
1312,,9572,Pave,Norm,Norm,1990.0,Gd,2,4.0,302000,,pp@icloud.com
1449,21.0,1533,Pave,Norm,Norm,1970.0,TA,1,1.0,92000,,vrcaajffgfd@gmail.com
496,,12692,Pave,Norm,Norm,1992.0,Gd,3,4.0,430000,,vk@gmail.com
736,60.0,8544,Pave,Norm,Norm,1950.0,TA,2,2.0,93500,,xhddtlavqpl@hotmail.com
1165,79.0,9541,Pave,Norm,Norm,2009.0,Gd,2,3.0,233170,,ymd@hotmail.com
391,71.0,12209,Pave,Norm,Norm,2001.0,TA,2,3.0,215000,,puitg@hotmail.com
853,,12095,Pave,Norm,Norm,1964.0,TA,1,3.0,158000,,tltsukp@gmail.com
123,55.0,7892,,Norm,Norm,1993.0,Gd,2,2.0,153900,,rvydwqxdaplh@yahoo.com.br
1029,21.0,1680,Pave,Norm,Norm,1972.0,TA,1,,118000,,cyjno@yahoo.com.br
123,55.0,7892,,Norm,Norm,1993.0,Gd,2,2.0,153900,,rvydwqxdaplh@yahoo.com.br
1220,66.0,7800,,Norm,Norm,1964.0,TA,1,2.0,115000,,lmpyd@yahoo.com.br
309,90.0,12378,,Norm,Norm,2003.0,Gd,2,3.0,360000,,kk@gmail.com
736,60.0,8544,Pave,Norm,Norm,1950.0,TA,2,2.0,93500,,xhddtlavqpl@hotmail.com
93,60.0,7200,Pave,Norm,Norm,1910.0,TA,2,4.0,133900,,xnmnxsviy@icloud.com
722,70.0,8120,,Norm,Norm,1970.0,TA,1,3.0,124500,,snyoybinh@hotmail.com
885,50.0,5119,Pave,Norm,Norm,1999.0,Gd,2,2.0,328900,,ar@hotmail.com
688,60.0,8089,Pave,Norm,Norm,2007.0,Gd,2,2.0,392000,,oa@yahoo.com.br
315,71.0,7795,Pave,Norm,Norm,2004.0,Gd,2,3.0,188500,,gpgclratnht@hotmail.com
1396,,57200,Pave,Norm,Norm,1948.0,TA,1,3.0,160000,,fwrq@hotmail.com
168,62.0,8244,Pave,Norm,Norm,2004.0,Gd,2,3.0,183500,,sccinihq@gmail.com
453,75.0,9000,Pave,Norm,Norm,2008.0,Gd,2,3.0,210000,,ktungneyty@yahoo.com.br
413,56.0,8960,Pave,Artery,Norm,1927.0,TA,1,2.0,115000,,gudvn@icloud.com
1321,,6627,Pave,Feedr,Norm,1949.0,TA,1,2.0,72500,,sywxznzn@gmail.com
1235,96.0,13132,Pave,Norm,Norm,1914.0,TA,1,4.0,138887,,tnwgfeubdky@gmail.com
811,,4438,Pave,Norm,Norm,2004.0,Gd,1,1.0,144500,,qjpqxqvcgjvp@yahoo.com.br
963,122.0,11923,Pave,Norm,Norm,2007.0,Gd,2,2.0,239000,,ejlduyy@yahoo.com.br
139,65.0,15426,Pave,Norm,Norm,1997.0,TA,2,3.0,231500,,ofn@hotmail.com
1285,50.0,6000,Pave,Norm,Norm,1939.0,TA,1,4.0,132500,,ashrlztok@gmail.com
100,,10603,Pave,Norm,Norm,1977.0,TA,2,3.0,205000,,gnxd@yahoo.com.br
1038,21.0,1533,Pave,Norm,Norm,1970.0,TA,1,,97000,,sziajcpswesg@hotmail.com
378,88.0,11394,Pave,Norm,Norm,2010.0,Gd,1,1.0,394432,,vjt@icloud.com
302,118.0,13704,Pave,Norm,Norm,2001.0,Gd,2,3.0,205000,,mq@icloud.com
301,66.0,16226,Pave,Norm,Norm,1998.0,Gd,2,4.0,267000,,pqswptwyfvve@gmail.com
139,65.0,15426,Pave,Norm,Norm,1997.0,TA,2,3.0,231500,,ofn@hotmail.com
816,,11425,Pave,Norm,Norm,1954.0,TA,1,2.0,137000,,tu@hotmail.com
5,85.0,14115,Pave,Norm,Norm,1993.0,TA,1,1.0,143000,,jjoep@hotmail.com
491,79.0,9490,Pave,Artery,Norm,1941.0,TA,1,3.0,133000,,ptuutmdtu@hotmail.com
211,83.0,10420,Pave,Norm,Norm,2009.0,TA,2,3.0,186000,,jklbkkjiy@yahoo.com.br
1247,,12328,Pave,Norm,Norm,1976.0,TA,1,3.0,169900,,dxmpusqybzsg@gmail.com
1200,71.0,9353,Pave,Norm,Norm,1970.0,TA,1,3.0,116050,,uqlgx@icloud.com
568,79.0,12327,Pave,Norm,Norm,1983.0,Gd,1,1.0,316600,,evn@gmail.com
393,,7446,Pave,Feedr,Norm,1941.0,TA,1,2.0,100000,,czquh@icloud.com
550,53.0,4043,Pave,Norm,Norm,1977.0,TA,2,2.0,140000,,finicf@gmail.com
500,21.0,1890,Pave,Norm,Norm,1973.0,TA,1,3.0,113000,,jsir@gmail.com
499,70.0,7535,Pave,Norm,Norm,1958.0,TA,1,2.0,120000,,ui@hotmail.com
755,34.0,3230,Pave,Norm,Norm,1999.0,TA,2,3.0,172500,,ndghesigky@gmail.com
446,137.0,16492,Pave,PosA,Norm,1966.0,Gd,2,2.0,190000,,xpibipboxd@yahoo.com.br
758,24.0,2280,Pave,Norm,Norm,1999.0,TA,2,3.0,179400,,qgwqfvkkbr@hotmail.com
1302,92.0,10120,Pave,Norm,Norm,1994.0,Gd,2,4.0,290000,,cjbudvsjcof@hotmail.com
1096,60.0,6882,Pave,Norm,Norm,1914.0,TA,1,3.0,127000,,qfyahai@hotmail.com
395,68.0,9571,Pave,Norm,Norm,1956.0,TA,1,3.0,129000,,oer@gmail.com
197,174.0,25419,,Artery,Norm,1918.0,Gd,2,4.0,235000,,clbqlox@gmail.com
678,80.0,11844,Pave,Norm,Norm,2008.0,Gd,2,3.0,372500,,ko@gmail.com
770,,7252,Pave,Norm,Norm,1982.0,TA,1,2.0,134900,,yyabbpcam@icloud.com
633,80.0,9250,Pave,Norm,Norm,1954.0,TA,1,3.0,139400,,ksprsiupuj@yahoo.com.br
93,60.0,7200,Pave,Norm,Norm,1910.0,TA,2,4.0,133900,,xnmnxsviy@icloud.com
343,63.0,8849,,Norm,Norm,2005.0,Ex,2,2.0,266000,,yeecuthai@hotmail.com
377,102.0,11143,,Norm,Norm,2004.0,Gd,3,4.0,340000,,ahuqqagm@yahoo.com.br
652,70.0,8750,Pave,Norm,Norm,1996.0,Gd,2,2.0,191000,,wbysgykmz@yahoo.com.br
729,52.0,6240,Pave,Norm,Norm,1925.0,TA,1,2.0,103000,,qafcecq@hotmail.com
1252,62.0,9858,Pave,Norm,Norm,1968.0,TA,1,3.0,130000,,mfxjopuzs@icloud.com
193,24.0,2522,Pave,Norm,Norm,2004.0,Gd,2,3.0,130000,,cktb@yahoo.com.br
1290,,14112,Pave,Norm,Norm,1964.0,TA,1,3.0,180500,,eqmxohfjxqgv@gmail.com
795,70.0,8400,Pave,Norm,Norm,1980.0,TA,2,3.0,171000,,rsszffecqkif@icloud.com
11,85.0,11924,Pave,Norm,Norm,2005.0,Ex,3,4.0,345000,,tpuuqihbyctu@hotmail.com
768,70.0,9100,Pave,Norm,Norm,2004.0,Gd,2,3.0,216837,,gxcozefy@gmail.com
835,60.0,9600,Pave,Norm,Norm,1950.0,TA,2,2.0,128000,,gffpdp@icloud.com
1072,50.0,7585,Pave,Artery,Norm,1948.0,TA,1,,91500,,wmglgfhl@yahoo.com.br
1013,60.0,7200,Pave,Norm,Norm,1910.0,TA,1,2.0,85000,,tocbvge@icloud.com
202,50.0,7000,Pave,Artery,Norm,1924.0,TA,2,2.0,112000,,zyxqiwb@yahoo.com.br
536,57.0,8924,Pave,Norm,Norm,1998.0,TA,2,3.0,188000,,hqhdjsn@icloud.com
301,66.0,16226,Pave,Norm,Norm,1998.0,Gd,2,4.0,267000,,pqswptwyfvve@gmail.com
940,55.0,12640,Pave,Norm,Norm,1976.0,TA,2,4.0,150900,,eel@yahoo.com.br
258,80.0,12435,Pave,Norm,Norm,2001.0,Gd,2,3.0,231500,,ntclqoppwpj@gmail.com
974,60.0,11414,Pave,RRAn,Feedr,1910.0,TA,1,3.0,167500,,vjb@hotmail.com
0,65.0,8450,Pave,Norm,Norm,2003.0,Gd,2,3.0,208500,,dghb@hotmail.com
989,65.0,8125,,Norm,Norm,2006.0,Gd,2,3.0,197000,,egoogv@yahoo.com.br
231,174.0,15138,Pave,Norm,Norm,1995.0,Gd,2,4.0,403000,,qxdstpbgu@hotmail.com
231,174.0,15138,Pave,Norm,Norm,1995.0,Gd,2,4.0,403000,,qxdstpbgu@hotmail.com
141,78.0,11645,Pave,Norm,Norm,2005.0,Gd,2,3.0,260000,,cccl@gmail.com
691,104.0,21535,Pave,Norm,Norm,1994.0,Ex,3,4.0,755000,,qnk@icloud.com
315,71.0,7795,Pave,Norm,Norm,2004.0,Gd,2,3.0,188500,,gpgclratnht@hotmail.com
458,,5100,Pave,Norm,Norm,1925.0,TA,1,3.0,161000,,oxlh@icloud.com
757,,11616,,Norm,Norm,1978.0,TA,2,3.0,158900,,pvhae@hotmail.com
1175,85.0,10678,Pave,Norm,Norm,1992.0,Gd,2,4.0,285000,,qu@gmail.com
777,100.0,13350,Pave,Norm,Norm,1974.0,TA,1,3.0,142500,,afjeeq@icloud.com
1431,,4928,Pave,Norm,Norm,1976.0,TA,2,2.0,143750,,xaynekppsbv@yahoo.com.br
537,,12735,Pave,Norm,Norm,1972.0,TA,1,3.0,111250,,nulonhfvrirm@hotmail.com
280,82.0,11287,Pave,Norm,Norm,1989.0,Gd,2,3.0,228500,,iservatbqosa@hotmail.com
1268,,14100,,Norm,Norm,1935.0,TA,3,4.0,381000,,wpczxvdntya@gmail.com
405,,9991,Pave,Feedr,Norm,1976.0,TA,2,3.0,150000,,boanvkzuh@gmail.com
1154,,13700,Pave,Norm,Norm,1965.0,TA,1,4.0,201800,,ufsge@hotmail.com
1450,60.0,9000,Pave,Norm,Norm,1974.0,TA,2,4.0,136000,,ebdctc@hotmail.com
338,91.0,14145,Pave,Norm,Norm,1984.0,Gd,2,3.0,202500,,ttljoavmntgt@icloud.com
503,100.0,15602,Pave,Norm,Norm,1959.0,TA,2,1.0,289000,,uuksmwtrp@icloud.com
1322,107.0,10186,Pave,Norm,Norm,1992.0,Gd,2,3.0,190000,,wqxeuk@hotmail.com
535,70.0,7000,Pave,Norm,Norm,1910.0,TA,1,3.0,107500,,hjnryhzhoxm@hotmail.com
708,65.0,9018,,Norm,Norm,2007.0,Gd,2,3.0,179540,,zgxochcsg@gmail.com
513,71.0,9187,Pave,Norm,Norm,1983.0,TA,1,3.0,134000,,eeitutyq@gmail.com
674,80.0,9200,Pave,Norm,Norm,1965.0,TA,1,3.0,140000,,ol@yahoo.com.br
702,82.0,12438,Pave,Norm,Norm,2006.0,Ex,2,4.0,361919,,ivdcq@yahoo.com.br
302,118.0,13704,Pave,Norm,Norm,2001.0,Gd,2,3.0,205000,,mq@icloud.com
535,70.0,7000,Pave,Norm,Norm,1910.0,TA,1,3.0,107500,,hjnryhzhoxm@hotmail.com
129,69.0,8973,Pave,Norm,Norm,1958.0,TA,1,3.0,150000,,wketbn@yahoo.com.br
789,,12205,Pave,Norm,Norm,1966.0,TA,2,5.0,187500,,srteswqazvbf@gmail.com
538,,11553,Pave,Norm,Norm,1968.0,TA,1,3.0,158000,,bqzposo@yahoo.com.br
1114,90.0,5400,Pave,Norm,Norm,1954.0,TA,1,2.0,117000,,rqgz@yahoo.com.br
1057,,29959,Pave,Norm,Norm,1994.0,Gd,2,3.0,248000,,qbpevf@hotmail.com
1015,70.0,8400,Pave,Norm,Norm,2001.0,Gd,2,3.0,227000,,pbnp@icloud.com
821,60.0,6000,Pave,Norm,Norm,1953.0,Fa,1,2.0,93000,,gtox@hotmail.com
853,,12095,Pave,Norm,Norm,1964.0,TA,1,3.0,158000,,tltsukp@gmail.com
777,100.0,13350,Pave,Norm,Norm,1974.0,TA,1,3.0,142500,,afjeeq@icloud.com
209,75.0,8250,Pave,Norm,Norm,1964.0,TA,1,3.0,145000,,vqcx@yahoo.com.br
1038,21.0,1533,Pave,Norm,Norm,1970.0,TA,1,,97000,,sziajcpswesg@hotmail.com
1304,32.0,3363,Pave,Norm,Norm,2004.0,Gd,2,3.0,130000,,uyerjyswityr@yahoo.com.br
895,71.0,7056,Pave,Norm,Norm,1963.0,TA,1,4.0,140000,,aakiuaqbbi@yahoo.com.br
1082,70.0,8749,Pave,Norm,Norm,2002.0,Gd,2,3.0,192000,,ne@gmail.com
737,72.0,10463,Pave,Norm,Norm,2005.0,Gd,2,3.0,239900,,pyqaxbkswep@yahoo.com.br
396,60.0,7200,Pave,Norm,Norm,1972.0,TA,1,2.0,123000,,ymgpomnvzqxw@hotmail.com
720,,6563,Pave,Norm,Norm,1985.0,Gd,2,2.0,275000,,paayhsoqmga@yahoo.com.br
777,100.0,13350,Pave,Norm,Norm,1974.0,TA,1,3.0,142500,,afjeeq@icloud.com
1249,60.0,7200,Pave,Norm,Norm,1950.0,TA,1,3.0,119000,,icqvoo@yahoo.com.br
1387,60.0,8520,Pave,Artery,Norm,1916.0,TA,2,5.0,136000,,sukbuhpp@gmail.com
454,63.0,9297,Pave,Norm,Norm,1976.0,TA,2,4.0,188000,,hbgthngzkq@icloud.com
1435,80.0,8400,Pave,Norm,Norm,1962.0,Gd,1,3.0,174000,,cymkyaimw@icloud.com
565,66.0,6858,Pave,Norm,Norm,1915.0,TA,1,4.0,128000,,davbpudu@hotmail.com
665,106.0,11194,Pave,Norm,Norm,2000.0,Gd,2,3.0,230500,,agouhimwluo@hotmail.com
786,60.0,10800,Pave,Artery,Norm,1915.0,TA,2,4.0,139000,,xrrjtlstim@hotmail.com
1078,37.0,4435,Pave,Norm,Norm,2004.0,Gd,1,1.0,155900,,ijmhypx@icloud.com
1210,70.0,11218,Pave,Norm,Norm,1992.0,Gd,2,3.0,189000,,cjfqrjwss@yahoo.com.br
731,73.0,9590,Pave,Norm,Norm,2003.0,Gd,2,3.0,187500,,qphqynrkta@icloud.com
1443,,8854,Pave,Norm,Norm,1916.0,TA,1,2.0,121000,,vmj@icloud.com
434,21.0,1890,Pave,Norm,Norm,1972.0,TA,1,1.0,81000,,mupe@icloud.com
1189,60.0,7500,Pave,Norm,Norm,1999.0,TA,2,,189000,,xz@yahoo.com.br
352,60.0,9084,Pave,Artery,Norm,1941.0,TA,1,3.0,95000,,nknjgg@icloud.com
1191,24.0,2645,,Norm,Norm,1999.0,Gd,2,2.0,174000,,uxavvb@icloud.com
854,102.0,17920,Pave,Norm,Norm,1955.0,TA,1,3.0,170000,,qbvpjfuiyh@gmail.com
126,,4928,Pave,Norm,Norm,1976.0,TA,2,2.0,128000,,fkwl@yahoo.com.br
591,97.0,13478,Pave,Norm,Norm,2008.0,Ex,2,3.0,451950,,bwjvstl@hotmail.com
1217,72.0,8640,Pave,Norm,Norm,2009.0,Gd,2,3.0,229456,,lgxxxzbfmrj@icloud.com
960,50.0,7207,Pave,Norm,Norm,1958.0,TA,1,2.0,116500,,xhxzuo@hotmail.com
1317,47.0,4230,Pave,Norm,Norm,2006.0,Gd,2,2.0,208900,,kqbsujgtlb@yahoo.com.br
1264,34.0,4060,Pave,Norm,Norm,1998.0,Gd,2,2.0,181000,,djdtvqtjptme@icloud.com
1056,43.0,7052,,Norm,Norm,2005.0,Gd,2,2.0,185850,,lodgb@icloud.com
1328,60.0,10440,Pave,Norm,Norm,1920.0,Gd,2,5.0,256000,,johjiiqyl@hotmail.com
1089,37.0,3316,Pave,Norm,Norm,2005.0,Gd,1,1.0,197000,,maebz@gmail.com
1396,,57200,Pave,Norm,Norm,1948.0,TA,1,3.0,160000,,fwrq@hotmail.com
592,60.0,6600,Pave,Norm,Norm,1982.0,TA,1,2.0,138000,,lqqdcinhszd@hotmail.com
1080,80.0,11040,Pave,Norm,Norm,1971.0,Gd,2,3.0,145000,,gvtumhcev@icloud.com
538,,11553,Pave,Norm,Norm,1968.0,TA,1,3.0,158000,,bqzposo@yahoo.com.br
641,,7050,Pave,Norm,Norm,2001.0,Gd,2,3.0,226000,,telziwcpd@gmail.com
40,84.0,8658,Pave,Norm,Norm,1965.0,TA,2,3.0,160000,,xnbpxphi@hotmail.com
961,,12227,Pave,PosN,Norm,1977.0,TA,2,4.0,272000,,strsfuxlvqd@yahoo.com.br
1309,,7153,Pave,Norm,Norm,1991.0,TA,2,3.0,179200,,bwl@hotmail.com
558,57.0,21872,Pave,Norm,Norm,1996.0,TA,2,3.0,175000,,hlo@icloud.com
596,60.0,3600,Pave,Norm,Norm,1910.0,TA,1,3.0,114504,,jyxna@gmail.com
1012,55.0,10592,Pave,Norm,Norm,1923.0,TA,1,3.0,165000,,mr@hotmail.com
1099,82.0,11880,Pave,RRAn,Norm,1978.0,TA,2,3.0,157000,,zarn@gmail.com
643,80.0,10793,Pave,RRAn,Norm,1969.0,TA,2,4.0,152000,,yxbmup@hotmail.com
976,51.0,5900,Pave,Norm,Norm,1923.0,TA,1,2.0,85500,,mjtdwuwt@gmail.com
850,36.0,4435,Pave,Norm,Norm,2003.0,Gd,1,1.0,131500,,eswmunt@icloud.com
1196,58.0,14054,Pave,Norm,Norm,2006.0,Gd,2,,219210,,suinwirotwe@yahoo.com.br
741,65.0,6768,Pave,Feedr,Norm,1961.0,TA,1,3.0,142000,,xejjb@yahoo.com.br
1033,,8125,,Norm,Norm,2002.0,Gd,2,3.0,230000,,ljocuoymcp@yahoo.com.br
222,85.0,11475,Pave,RRAn,Norm,1975.0,TA,2,3.0,179900,,rrliheoaj@gmail.com
246,69.0,9142,Pave,Norm,Norm,1910.0,TA,2,4.0,137000,,vglembhe@gmail.com
870,60.0,6600,Pave,PosN,Norm,1962.0,TA,1,2.0,109500,,jejswnuexanh@icloud.com
1122,,8926,Pave,Norm,Norm,1956.0,TA,1,3.0,112000,,awzf@icloud.com
1391,65.0,8944,Pave,Norm,Norm,1967.0,TA,2,4.0,124000,,daohfq@yahoo.com.br
800,79.0,12798,Pave,Feedr,Norm,1997.0,TA,2,4.0,200000,,jzwickuta@hotmail.com
1356,,9477,Pave,Norm,Norm,1966.0,TA,1,3.0,110000,,haah@yahoo.com.br
1247,,12328,Pave,Norm,Norm,1976.0,TA,1,3.0,169900,,dxmpusqybzsg@gmail.com
467,79.0,9480,Pave,Artery,Norm,1942.0,TA,1,,146500,,qsvuzusvo@yahoo.com.br
1358,,2117,Pave,Norm,Norm,2000.0,Gd,2,3.0,177500,,izoyxsz@gmail.com
817,,13265,,Norm,Norm,2002.0,Gd,2,3.0,271000,,ssjjfmtnyj@hotmail.com
1003,,11500,Pave,Feedr,RRAn,1976.0,TA,2,4.0,136905,,yknw@hotmail.com
853,,12095,Pave,Norm,Norm,1964.0,TA,1,3.0,158000,,tltsukp@gmail.com
919,87.0,11029,Pave,Norm,Norm,1958.0,Ex,1,3.0,176500,,plzvpgkvnxf@icloud.com
477,105.0,13693,Pave,Norm,Norm,2006.0,Ex,2,3.0,380000,,aispoxnavgke@yahoo.com.br
1149,50.0,9000,,Artery,Norm,1920.0,TA,1,3.0,143000,,nborpuekh@yahoo.com.br
1301,,7500,Pave,Norm,Norm,1942.0,TA,1,3.0,177500,,ifawyofbkt@yahoo.com.br
532,60.0,7200,Pave,Norm,Norm,1955.0,TA,1,2.0,107500,,tqcbk@icloud.com
234,,7851,Pave,Norm,Norm,2002.0,Gd,2,4.0,216500,,wdbeecqa@icloud.com
781,65.0,7153,Pave,Norm,Norm,1992.0,Gd,2,3.0,175900,,kfftqvkvlx@yahoo.com.br
762,72.0,8640,Pave,Norm,Norm,2009.0,TA,2,3.0,215200,,sauiinze@yahoo.com.br
258,80.0,12435,Pave,Norm,Norm,2001.0,Gd,2,3.0,231500,,ntclqoppwpj@gmail.com
1228,65.0,8769,Pave,Norm,Norm,2008.0,Ex,1,1.0,367294,,uwhs@icloud.com
1333,60.0,7200,Pave,Norm,Norm,1938.0,TA,1,2.0,125500,,dtngzqlrk@icloud.com
315,71.0,7795,Pave,Norm,Norm,2004.0,Gd,2,3.0,188500,,gpgclratnht@hotmail.com
446,137.0,16492,Pave,PosA,Norm,1966.0,Gd,2,2.0,190000,,xpibipboxd@yahoo.com.br
1253,,17542,Pave,Norm,Norm,1974.0,Gd,2,3.0,294000,,uzqaq@yahoo.com.br
1410,79.0,12420,Pave,Norm,Norm,2001.0,Gd,2,3.0,230000,,oguqt@gmail.com
450,70.0,5684,Pave,Norm,Norm,1930.0,TA,1,2.0,110000,,ilxsbv@gmail.com
1247,,12328,Pave,Norm,Norm,1976.0,TA,1,3.0,169900,,dxmpusqybzsg@gmail.com
783,,9101,Pave,Norm,Norm,1978.0,TA,1,1.0,165500,,ri@hotmail.com
54,60.0,7134,Pave,Norm,Norm,1955.0,TA,1,3.0,130000,,lbwyntgktt@gmail.com
877,74.0,8834,Pave,Norm,Norm,2004.0,Gd,2,4.0,350000,,ynmfyhmrp@hotmail.com
828,,28698,Pave,Norm,Norm,1967.0,TA,2,3.0,185000,,xhjyns@gmail.com
917,,17140,Pave,Norm,Norm,1956.0,TA,1,3.0,135000,,vw@hotmail.com
176,97.0,10029,Pave,Norm,Norm,1988.0,Gd,2,4.0,211000,,jyegyu@yahoo.com.br
367,101.0,9150,,Norm,Norm,1962.0,TA,1,3.0,165000,,ihcaosf@gmail.com
587,74.0,8740,Pave,Norm,Norm,1982.0,TA,1,2.0,137000,,qrxhhtn@hotmail.com
849,80.0,9600,Pave,Feedr,Norm,1976.0,Gd,2,3.0,187000,,ptwtuuxhiuj@gmail.com
1355,102.0,10192,Pave,Norm,Norm,1968.0,TA,3,4.0,170000,,xfdmyn@gmail.com
531,60.0,6155,Pave,RRNn,Feedr,1920.0,TA,2,3.0,128000,,mklhfm@hotmail.com
239,52.0,8741,Pave,Norm,Norm,1945.0,TA,1,3.0,113000,,ikli@yahoo.com.br
534,74.0,9056,Pave,Norm,Norm,2004.0,Gd,2,3.0,178000,,tpiuzarlo@yahoo.com.br
960,50.0,7207,Pave,Norm,Norm,1958.0,TA,1,2.0,116500,,xhxzuo@hotmail.com
1084,,13031,Pave,Norm,Norm,1995.0,TA,2,3.0,187500,,yhxjsvhw@hotmail.com
1366,68.0,9179,Pave,Norm,Norm,1999.0,Gd,2,3.0,193000,,taicglzr@icloud.com
337,70.0,9135,Pave,Norm,Norm,2002.0,Gd,2,3.0,214000,,mbhcx@icloud.com
770,,7252,Pave,Norm,Norm,1982.0,TA,1,2.0,134900,,yyabbpcam@icloud.com
468,98.0,11428,Pave,Norm,Norm,2006.0,Gd,2,3.0,250000,,rk@yahoo.com.br
817,,13265,,Norm,Norm,2002.0,Gd,2,3.0,271000,,ssjjfmtnyj@hotmail.com
461,60.0,7200,Pave,Feedr,Norm,1936.0,Gd,1,3.0,155000,,lxabswg@icloud.com
216,65.0,8450,Pave,Norm,Norm,2004.0,Gd,2,3.0,210000,,zfurvb@icloud.com
454,63.0,9297,Pave,Norm,Norm,1976.0,TA,2,4.0,188000,,hbgthngzkq@icloud.com
1431,,4928,Pave,Norm,Norm,1976.0,TA,2,2.0,143750,,xaynekppsbv@yahoo.com.br
861,75.0,11625,Pave,Norm,Norm,1965.0,TA,1,3.0,131500,,jnuayma@yahoo.com.br
314,60.0,9600,Pave,Norm,Norm,1925.0,TA,1,3.0,178000,,nyueaeqlouo@gmail.com
148,63.0,7500,Pave,Norm,Norm,2004.0,TA,1,3.0,141000,,bimhk@icloud.com
832,44.0,9548,Pave,Norm,Norm,2003.0,Gd,2,3.0,237000,,ahcsfkzbyi@hotmail.com
817,,13265,,Norm,Norm,2002.0,Gd,2,3.0,271000,,ssjjfmtnyj@hotmail.com
590,64.0,8320,Pave,Norm,Norm,2004.0,Gd,2,3.0,185900,,oqwahreeb@hotmail.com
496,,12692,Pave,Norm,Norm,1992.0,Gd,3,4.0,430000,,vk@gmail.com
1321,,6627,Pave,Feedr,Norm,1949.0,TA,1,2.0,72500,,sywxznzn@gmail.com
1088,24.0,2522,,Norm,Norm,2004.0,Gd,2,3.0,137500,,hvc@gmail.com
1134,57.0,8773,Pave,Norm,Norm,1997.0,TA,2,3.0,169000,,loxhiopdd@yahoo.com.br
1342,,9375,,Norm,Norm,2002.0,Gd,2,3.0,228500,,nonmiwz@icloud.com
1107,168.0,23257,Pave,Norm,Norm,2006.0,Gd,2,3.0,274725,,lnvlam@hotmail.com
588,65.0,25095,Pave,Norm,Norm,1968.0,TA,1,1.0,143000,,cckpgzzuxweo@yahoo.com.br
123,55.0,7892,,Norm,Norm,1993.0,Gd,2,2.0,153900,,rvydwqxdaplh@yahoo.com.br
807,144.0,21384,Pave,Norm,Norm,1923.0,TA,1,3.0,223500,,la@gmail.com
172,44.0,5306,Pave,Norm,Norm,1987.0,Gd,2,2.0,239000,,wb@gmail.com
620,45.0,8248,Pave,Norm,Norm,1914.0,TA,1,2.0,67000,,ijbei@yahoo.com.br
1249,60.0,7200,Pave,Norm,Norm,1950.0,TA,1,3.0,119000,,icqvoo@yahoo.com.br
611,,10395,Pave,Norm,Norm,1978.0,TA,2,3.0,148000,,xirluo@yahoo.com.br
725,60.0,6960,Pave,Norm,Norm,1970.0,TA,1,3.0,120500,,zujuhxc@yahoo.com.br
494,50.0,5784,Pave,Artery,Norm,1938.0,TA,1,2.0,91300,,zooirniqtbsf@hotmail.com
1060,41.0,4920,,Norm,Norm,2001.0,Gd,2,2.0,213500,,sjskth@hotmail.com
559,,3196,Pave,Norm,Norm,2003.0,Gd,2,2.0,234000,,fwqqyfyc@gmail.com
57,89.0,11645,Pave,Norm,Norm,2004.0,Gd,2,3.0,196500,,eqhijnd@yahoo.com.br
532,60.0,7200,Pave,Norm,Norm,1955.0,TA,1,2.0,107500,,tqcbk@icloud.com
148,63.0,7500,Pave,Norm,Norm,2004.0,TA,1,3.0,141000,,bimhk@icloud.com
94,69.0,9337,Pave,Norm,Norm,1997.0,TA,2,3.0,204750,,getlvgyts@gmail.com
665,106.0,11194,Pave,Norm,Norm,2000.0,Gd,2,3.0,230500,,agouhimwluo@hotmail.com
33,70.0,10552,Pave,Norm,Norm,1959.0,TA,1,4.0,165500,,zwlbcuhjyp@hotmail.com
663,90.0,10012,Pave,Norm,Norm,1972.0,TA,2,3.0,137500,,gxuhxcz@gmail.com
1218,52.0,6240,Pave,Norm,Norm,1947.0,TA,1,2.0,80500,,ojj@icloud.com
1446,,26142,,Norm,Norm,1962.0,TA,1,3.0,157900,,zjeizqjpso@yahoo.com.br
625,87.0,10000,Pave,Norm,Norm,1962.0,TA,1,3.0,160000,,swpyfizyh@icloud.com
1195,51.0,8029,Pave,Norm,Norm,2005.0,TA,2,3.0,176000,,lu@icloud.com
783,,9101,Pave,Norm,Norm,1978.0,TA,1,1.0,165500,,ri@hotmail.com
1166,64.0,10475,Pave,Norm,Norm,2008.0,Gd,2,3.0,245350,,ozlumxcz@icloud.com
1127,182.0,14572,Pave,Norm,Norm,2004.0,Gd,2,3.0,259000,,sixqkstosr@icloud.com
1215,99.0,7094,Pave,Norm,Norm,1966.0,TA,1,3.0,125000,,wdaxcihlts@gmail.com
365,59.0,10690,Pave,Norm,Norm,1920.0,TA,1,3.0,147000,,toqucio@icloud.com
